0;Antonio Banderas
1;Victoria Abril
2;Pedro Almodóvar
3;Miguel Bosé
4;Christopher Walken
5;Brooke Adams
6;David Cronenberg
7;Sean Connery
8;Richard Lester
9;Richard Gere
10;Terrence Malick
11;Roger Moore
12;Maud Adams
13;John Glen
14;Chuck Connors
15;José Antonio de la Loma
16;Robert D. Bergen
17;Trudy Adams
18;Beverly Sebastian
19;Christopher Lambert
20;Isabelle Adjani
21;Luc Besson
22;Gérard Depardieu
23;Bruno Nuytten
24;Börje Ahlstedt
25;Kristina Adolphson
26;Ingmar Bergman
27;Ugo Tognazzi
28;Anouk Aimee
29;Bernardo Bertolucci
30;Jean-Louis Trintignant
31;Claude Lelouch
32;Hector Alterio
33;Norma Aleandro
34;Luiz Puenzo
35;Anthony Hopkins
36;Denise Alexander
37;Buzz Kulik
38;John Longden
39;Sara Algood
40;Alfred Hitchcock
41;John Wayne
42;Elizabeth Allen
43;John Ford
44;Jeff Bridges
45;Joan Allen
46;Francis Ford Coppola
47;Bill Murray
48;Karen Allen
49;Richard Donner
50;Harrison Ford
51;Steven Spielberg
52;Arnold Schwarzenegger
53;Maria Conchita Alonso
54;Paul Michael Glaser
55;Danny Glover
56;Stephen Hopkins
57;Sean Penn
58;Dennis Hopper
59;Nicolas Cage
60;Erika Anderson
61;Sam Pillsbury
62;Kevin Anderson
63;Jo Anderson
64;Gary Sinise
65;Glenn Ford
66;Melissa Sue Anderson
67;J. Lee Thompson
68;Gil Gerard
69;Melody Anderson
70;Steven Hilliard Stern
71;Paul Newman
72;Bibi Andersson
73;Robert Altman
74;Jarl Kulle
75;Victor Sjöström
76;Max von Sydow
77;Rod Taylor
78;Gunnar Björnstrand
79;Harriet Andersson
80;Erland Josephson
81;Eiko Ando
82;John Huston
83;David Niven
84;Ursula Andress
85;Ken Hughes
86;Terence Young
87;Peter Finch
88;Dana Andrews
89;Dudley Moore
90;Julie Andrews
91;Blake Edwards
92;Burt Reynolds
93;George Roy Hill
94;Alan Bates
95;Andrei Konchalovsky
96;Christopher Plummer
97;Robert Wise
98;John Cleese
99;Paule Annen
100;Alan Alda
101;Ann-Margret
102;Richard Attenborough
103;Roger Daltry
104;Ken Russell
105;Richard Dreyfuss
106;Susan Anspach
107;Jeremy Paul Kagan
108;Lukas Haas
109;Vanessa Aquino
110;Sterling Vanwagenen
111;Michael Douglas
112;Anne Archer
113;Adrian Lyne
114;Phillip Noyce
115;Fanny Ardant
116;François Truffaut
117;John Savage
118;Kerry Armstrong
119;Frank Howson
120;Robert Taylor
121;Desi Arnaz
122;Paul Richter
123;Gertrud Arnold
124;Fritz Lang
125;Michael Rooker
126;Tracy Arnold
127;Jean-Marc Barr
128;Rosanna Arquette
129;John Milius
130;Eric Roberts
131;Evelyn Purcell
132;Griffin Dunne
133;Martin Scorsese
134;Aidan Quinn
135;Susan Seidelman
136;Walter Matthau
137;Rose Arrick
138;Elaine May
139;Gregoire Aslan
140;Richard Thorpe
141;John Barrymore
142;Mary Astor
143;Alan Crosland
144;Jean-Philippe LaFont
145;Stéphane Audran
146;Gabriel Axel
147;Yves Montand
148;Claudine Auger
149;Terrence Young
150;Arthur Chesney
151;Marie Ault
152;Peter Ustinov
153;Lauren Bacall
154;Michael Winner Donaggio
155;Martin Balsam
156;Sidney Lumet
157;William Wellman
158;Barbara Bach
159;Lewis Gilbert
160;David Palfy
161;Stacy Christensen Bahtia
162;David Winning
163;Carroll Baker
164;Richard Roundtree
165;Dawn Baker
166;Al Bradley
167;David Thewlis
168;Fairuza Balk
169;John Frankenheimer
170;Anne Bancroft
171;David Jones
172;David Lynch
173;Billy Jacoby
174;Olivia Barash
175;David DeCoteau
176;Hal Holbrook
177;Adrienne Barbeau
178;George A. Romero
179;Ayub Khan Din
180;Frances Barber
181;Stephen Frears
182;Arthur Brauss
183;Maria Bardischewski
184;Wim Wenders
185;Daniel Gelin
186;Brigitte Bardot
187;Marc Allegret
188;Maurice Ronet
189;Jean Aurel
190;Jean Bretonniere
191;Michel Boisrond
192;Henri Vidal
193;Laurent Terzieff
194;Serge Bourguignon
195;Edward Dmytryk
196;Jack Palance
197;Jean-Luc Godard
198;Billy Mumy
199;Henry Koster
200;Marcello Mastroianni
201;Louis Malle
202;Anthony Perkins
203;Edouard Molinaro
204;Louis Jourdan
205;Fred Surin
206;Dirk Bogarde
207;Ralph Thomas
208;Robert Hossein
209;Roger Vadim
210;Curt Jurgens
211;Gabriel Byrne
212;Ellen Barkin
213;Mary Lambert
214;Henry Kendall
215;Joan Barry
216;Eric Stoltz
217;Deborah Barrymore
218;Franklin J. Schaffner
219;Dee Wallace
220;Drew Barrymore
221;Kim Basinger
222;Ralph Bakshi
223;Robert Benton
224;Jack Nicholson
225;Tim Burton
226;Bruce Willis
227;Charlton Heston
228;Phil Joanou
229;Irvin Kershner
230;Mickey Rourke
231;Robert Culp
232;John Llewellyn Moxey
233;Richard Pearce
234;Alec Baldwin
235;Jerry Rees
236;James Caan
237;Kathy Bates
238;Rob Reiner
239;Wiktor Andersson
240;Anna-Lisa Baude
241;Antony Hamilton
242;Belinda Bauer
243;Lee Philips
244;Gary Busey
245;Gene Hackman
246;Jennifer Beals
247;David Drury
248;Wings Hauser
249;Kimberly Beck
250;Nico Mastorakis
251;Bonnie Bedelia
252;Alan J. Pakula
253;Janet Beecher
254;Cecil B. DeMille
255;Christine Belford
256;Stuart Rosenberg
257;Ed Flanders
258;Kathleen Beller
259;Jud Taylor
260;Richard Belzer
261;Pat Benatar
262;Robert De Niro
263;Annette Bening
264;Irwin Winkler
265;Michael Redgrave
266;Joan Bennett
267;Edward G. Robinson
268;Mel Blanc
269;Julie Bennett
270;Greg Ford
271;George Burns
272;Marisa Berenson
273;Ben Kingsley
274;Candice Bergen
275;Mike Nichols
276;Elliott Gould
277;Richard Rush
278;Rafael Albaicín
279;Senta Berger
280;Edvin Adolphson
281;Ingrid Bergman
282;Halvar Björk
283;Charles Boyer
284;George Cukor
285;Cary Grant
286;Stanley Donen
287;Gustaf Edgren
288;Jose Ferrer
289;Victor Fleming
290;Ned Beatty
291;Alan Gibson
292;Anthony Quinn
293;Guy Green
294;Joseph Cotten
295;Olof Widgren
296;Per Lindberg
297;Anatole Litvak
298;Akim Tamiroff
299;Bing Crosby
300;Leo McCarey
301;Gösta Ekman
302;Gustaf Molander
303;Tore Svennberg
304;Håkan Westergren
305;Gustav Molander
306;Georg Rydeberg
307;Mel Ferrer
308;Jean Renoir
309;Alexander Knox
310;Roberto Rossellini
311;George Sanders
312;Mathias Wieman
313;Mario Vitale
314;Gene Saks
315;Bruce Conover
316;Rip Torn
317;Robert Ginty
318;Sandahl Bergman
319;Allan Holzman
320;David A. Prior
321;Marty Feldman
322;Shelley Berman
323;Jim Clark
324;Sandra Bernhard
325;Eddie Murphy
326;F. Murray Abraham
327;Elizabeth Berridge
328;Milos Forman
329;Jennifer Billingsley
330;Joseph Sargent
331;Daniel Day-Lewis
332;Juliette Binoche
333;Philip Kaufman
334;Jacqueline Bisset
335;Burt Lancaster
336;George Seaton
337;Jean-Pierre Aumont
338;Birger Malmsten
339;Anita Björk
340;Oliver Reed
341;Karen Black
342;Dan Curtis
343;Peter Fonda
344;Bob Rafelson
345;Donald Sutherland
346;John Schlesinger
347;Honor Blackman
348;Guy Hamilton
349;Richard Burton
350;Linda Blair
351;John Boorman
352;Stanley Clements
353;Gloria Blondell
354;Edward Bernds
355;Joan Blondell
356;Jason Leigh
357;Cliff Robertson
358;Claire Bloom
359;Ralph Nelson
360;Clint Eastwood
361;Verna Bloom
362;Anne Bobby
363;Clive Barker
364;Sandrine Bonnaire
365;Maurice Pialat
366;Macha Meril
367;Agnes Varda
368;Bill Cosby
369;Elayne Boosler
370;Graham Chapman
371;Connie Booth
372;Terry Gilliam
373;Shirley Booth
374;Joseph Anthony
375;Carole Bouquet
376;Buddy Rogers
377;Clara Bow
378;Lorraine Bracco
379;John McTiernan
380;William Hurt
381;Sonia Braga
382;Hector Babenco
383;Eileen Brennan
384;Diane Brewster
385;Joseph Pevney
386;Michael Paré
387;Lynda Bridges
388;Craig Rumar
389;Anne Brochet
390;Jean-Paul Rappeneau
391;Tadeusz Fijewski
392;Maria Broniewska
393;Aleksander Ford
394;Barrett Hopkins
395;Violet Brown
396;J. Christian Ingvordsen
397;Marlon Brando
398;Yul Brynner
399;Bernhard Wicki
400;Robert Atzorn
401;Christine Buchegger
402;Betty Buckley
403;Roman Polanski
404;Geneviève Bujold
405;Michael Crichton
406;Jeremy Irons
407;Leonard West
408;Stephanie Burd
409;Bruce Lambert
410;Ellen Burstyn
411;William Friedkin
412;Kris Kristofferson
413;Jonathan Bolt
414;Martha Byrne
415;Frederick King Keller
416;James Cagney
417;Corinne Calvet
418;Sampson De Brier
419;Marjorie Cameron
420;Kenneth Anger
421;Larry Fishburne
422;Tisha Campbell
423;Spike Lee
424;John Heard
425;Dyan Cannon
426;Merlin Olsen
427;Katharine Cannon
428;William F. Claxton
429;Robert Bideman
430;Nadia Capone
431;Robert Bergman
432;Sam Elliott
433;Kate Capshaw
434;Robert Day
435;Willard Huyck
436;Dennis Quaid
437;Joseph Ruben
438;Ridley Scott
439;Claudia Cardinale
440;Federico Fellini
441;Wallace Ford
442;Mary Carlisle
443;Christy Cabanne
444;Noah Taylor
445;Loene Carmen
446;John Duigan
447;Jean-Paul Belmondo
448;Leslie Caron
449;René Clément
450;Tom Gries
451;Barbara Carrera
452;Don Taylor
453;Michael Caine
454;Elpidia Carrillo
455;John Mackenzie
456;Peter Lorre
457;Madeleine Carroll
458;Bruce Mahler
459;Judy Carter
460;Tony Kendall
461;Karen Carter
462;Ernst R. von Theumer
463;Joanna Cassidy
464;Zach Galligan
465;Phoebe Cates
466;Joe Dante
467;Amy Heckerling
468;Andrew McCarthy
469;Kim Cattrall
470;Michael Gottlieb
471;Frank Moore
472;Marilyn Chambers
473;Peter Sellers
474;Marge Champion
475;Chris Peterson
476;Agnes Chan
477;Peter Lawford
478;Carol Channing
479;Marguerite Chapman
480;William A. Seiter
481;Cyd Charisse
482;Nicholas Ray
483;Kyle MacLachlan
484;Joan Chen
485;Nicholas Cage
486;Cher
487;Norman Jewison
488;George Miller
489;Lois Chiles
490;Guy Davis
491;Rae Dawn Chong
492;Stan Lathan
493;Mick Jagger
494;Andrew Lauer
495;Claudia Christian
496;Adam Rifkin
497;Warren Beatty
498;Julie Christie
499;Hal Ashby
500;Laurence Harvey
501;Sandra Church
502;George Englund
503;Will Rogers
504;Marguerite Churchill
505;Sam Taylor
506;Raoul Walsh
507;Diane Cilento
508;Martin Ritt
509;Susan Clark
510;Don Siegel
511;Jillette Penn
512;Caitlin Clarke
513;Arthur Penn
514;John Philbin
515;Jill Clayburgh
516;Claudia Weill
517;John Malkovich
518;Glenn Close
519;Barbet Schroeder
520;Niels Arestrup
521;István Szabó
522;Orson Welles
523;Claudette Colbert
524;Kirk Cameron
525;Margaret Colin
526;Rod Daniel
527;James Stewart
528;Constance Collier
529;Bob Hope
530;Joan Collins
531;Norman Panama
532;Tom Conti
533;Pauline Collins
534;Patrick Swayze
535;Roland Joffe
536;Anjanette Comer
537;Sidney J. Furie
538;Byron Thames
539;Jennifer Connelly
540;Linda Feferman
541;Sam Bottoms
542;Eleanor Coppola
543;Fax Bahr
544;Karla Lee
545;Laura Cornell
546;Charlotte Cornwell
547;Hardy Kruger
548;Nicole Courcel
549;Paul LeMat
550;Barbara Crampton
551;David Schmoeller
552;Roddy McDowall
553;Joan Crawford
554;Fred Gwynne
555;Denise Crosby
556;Wentley Phipps
557;Sandra Crouch
558;Kip Walton
559;Lindsay Crouse
560;Daniel H. Jenkins
561;Jane Curtin
562;Jamie Lee Curtis
563;Charles Crichton
564;Eva Dahlbeck
565;Jean-Hughes Anglade
566;Béatrice Dalle
567;Jean-Jacques Beineix
568;Beverly D'Angelo
569;Chevy Chase
570;Jeremiah S
571;Yuri Solomin
572;Svetlana Danilchenko
573;Akira Kurosawa
574;Blythe Danner
575;Woody Allen
576;Bo Hopkins
577;Patti D'Arbanville
578;Howard Hikmet Avedis
579;Terence Knox
580;Thomas J. Wright
581;William Shatner
582;Kim Darby
583;Henry Hathaway
584;Donald Crisp
585;Jane Darwell
586;Bette Davis
587;Robert Aldrich
588;Curtis Bernhardt
589;George Brent
590;Edmund Goulding
591;Joseph L. Mankiewicz
592;Jeff Goldblum
593;Geena Davis
594;Howard  Franklin
595;Hugh Grant
596;Sammi Davis
597;David Hemmings
598;Doris Day
599;Jean Marais
600;Josette Day
601;Jean Cocteau
602;Joel McCrea
603;Laraine Day
604;Ralph Richardson
605;Olivia De Havilland
606;William Wyler
607;Jay Underwood
608;Lucy Deakins
609;Nick Castle
610;Isabel Dean
611;Caspar Wrede
612;Frances Dee
613;John H. Auer
614;Danny Aiello
615;Ruby Dee
616;Andre Braugher
617;Larry Peerce
618;Thommy Berggren
619;Pia Degermark
620;Bo Widerberg
621;Carl Weathers
622;Cassandra Delaney
623;Colin Budds
624;Peter Ford
625;Mylene Demongeot
626;Tom Cruise
627;Rebecca DeMornay
628;Paul Brickman
629;Catherine Deneuve
630;Claude Berri
631;Elie Chouraqui
632;Alain Comeau
633;Alan Corneau
634;Dick Richards
635;Elizabeth Depardieu
636;Laura Dern
637;Rosana DeSoto
638;Edward James Olmos
639;Ramon Menendez
640;Albert Finney
641;Susan Dey
642;Charles Haid
643;Angie Dickinson
644;Jerry Jameson
645;Marlene Dietrich
646;Tay Garnett
647;Spencer Tracy
648;Stanley Kramer
649;Rip Taylor
650;Phyllis Diller
651;Omar Sharif
652;Arielle Dombasle
653;Bruno Ganz
654;Solveig Dommartin
655;Amanda Donohoe
656;Nicolas Roeg
657;Diana Dors
658;Pascal Benezech
659;Marie-Laure Dougnac
660;Marc Caro
661;Lesley-Anne Down
662;Peter Hyams
663;Michael Tuchner
664;Henry Fonda
665;Cathy Downs
666;Ben Johnson
667;Joanne Dru
668;Harold Hopkins
669;Jeanie Drynan
670;John Meagher
671;Donald Grant
672;Denise DuBarry
673;Bob Dahlin
674;Abba Eban
675;Faye Dunaway
676;Amos Kollek
677;Robert Redford
678;Sydney Pollack
679;Joe Mantegna
680;William Powell
681;Irene Dunne
682;Michael Curtiz
683;Anny Duperey
684;Alain Resnais
685;Shelley Duvall
686;Stanley Kubrick
687;Ann Dvorak
688;Joseph Kane
689;Shirley Eaton
690;Samantha Eggar
691;Lisa Eilbacher
692;Martin Brest
693;Robert Urich
694;James Quinn
695;Anita Ekberg
696;Britt Ekland
697;Vittorio De Sica
698;Miguel Hermoso
699;Robert Parrish
700;Tex Beneke
701;Les Elgart
702;Michael Ironside
703;Krista Errickson
704;Charles Laulette
705;Kim Evenson
706;Robert Allen Schnitzer
707;John Dye
708;Morgan Fairchild
709;Ron Casden
710;Felicia Farr
711;Delmer Daves
712;Mia Farrow
713;Jason Robards
714;Jan Troell
715;Michael Nouri
716;Farrah Fawcett
717;John Avnet
718;Hal Needham
719;Eddie Nugent
720;Louise Fazenda
721;Lewis D. Collins
722;Joseph Bottoms
723;Tovah Feldshuh
724;Marvin J. Chomsky
725;Malcolm Jamieson
726;Sherilyn Fenn
727;Charles Band
728;Forest Whitaker
729;Roy London
730;Rebecca Ferratti
731;Fritz Kiersch
732;Sally Field
733;Jerry Belson
734;Ed Harris
735;Alfred Molina
736;Brian Gilbert
737;Henry Winkler
738;Beau Bridges
739;Tom Skerritt
740;Herbert Ross
741;Tom Hanks
742;Carrie Fisher
743;Mark Hamill
744;George Lucas
745;Richard Marquand
746;Adrian Dunbar
747;Tara Fitzgerald
748;Peter Chelsom
749;John Payne
750;Rhonda Fleming
751;Allan Dwan
752;John Sturges
753;Susan Fleming
754;Ross Lederman
755;Jake Dengel
756;Suzanne Fletcher
757;Alan Smithey
758;Peter Gonzales
759;Fiona Florence
760;Jane Fonda
761;James Bridges
762;Lee Marvin
763;Elliot Silverstein
764;Jon Voight
765;Laurence Olivier
766;Joan Fontaine
767;Robert Stevenson
768;Anne Randall
769;Anitra Ford
770;Andy Sidaris
771;William Katt
772;Maria Ford
773;Dan Golden
774;Ed Lottimer
775;Katt Shea Ruben
776;Ray Sharkey
777;Ken Stein
778;Deborah Foreman
779;Martha Coolidge
780;Jodie Foster
781;Jonathan Demme
782;Mark Harmon
783;Steven  Kampmann
784;Bernard McEveety
785;Tim Robbins
786;Anne Francis
787;Richard Brooks
788;Brenda Fricker
789;Jim Sheridan
790;Frankie Avalon
791;Annette Funicello
792;Lyndall Hobbs
793;Herbert Marshall
794;Greta Garbo
795;Richard Boleslawski
796;Oscar Apfel
797;Clarence Brown
798;Charles Bickford
799;John Gilbert
800;Fredric March
801;Ramon Novarro
802;George Fitzmaurice
803;Lewis Stone
804;Sidney Franklin
805;Alan Hale
806;Robert Z. Leonard
807;Melvyn Douglas
808;Ernst Lubitsch
809;Rouben Mamoulian
810;Conrad Nagel
811;Fred Niblo
812;Henry Stuart
813;Georg Wilhelm Pabst
814;Nils Asther
815;John S. Robertson
816;Judy Garland
817;John Cassavetes
818;Dustin Hoffman
819;Teri Garr
820;Joe Pytka
821;Greer Garson
822;John Belushi
823;Lorraine Gary
824;Roy Scheider
825;John Cusack
826;Wendy Gazelle
827;Steven Lisberger
828;Willem Dafoe
829;Robert M. Young
830;Judy Geeson
831;Douglas Hickox
832;Denise Gence
833;Bertrand Blier
834;James Woods
835;Cynthia Gibb
836;Oliver Stone
837;Althea Gibson
838;Robert Newton
839;Connie Gilchrist
840;Byron Haskin
841;Jackie Gleason
842;Robert Rossen
843;Sharon Gless
844;Peter Hyam
845;Michael Ontkean
846;Whoopi Goldberg
847;Robert Mulligan
848;Bob Goldthwait
849;Hugh Wilson
850;Billy Crystal
851;Paul Sorvino
852;Lelia Goldoni
853;Valeria Golino
854;Barry Levinson
855;Jean-Pierre Leaud
856;Chantal Goya
857;Vic Perrin
858;Gloria Grahame
859;Paul Stanley
860;Sondra Currie
861;Lindsay Greenbush
862;Kim Greist
863;Leon M. Lion
864;Anne Grey
865;William L. Petersen
866;Kim Griest
867;Michael Mann
868;Melanie Griffith
869;Brian De Palma
870;David Seltzer
871;Keely Christian
872;Brittain Grye
873;Yutaka Tadokoro
874;Carrie Hamilton
875;Fran Rubel Kuzui
876;Linda Hamilton
877;James Cameron
878;Brian Kerwin
879;John Guillermin
880;Tony Curtis
881;Susan Hampshire
882;Tom Berenger
883;Daryl Hannah
884;Tony Bill
885;John Carpenter
886;James Remar
887;Michael Chapman
888;Adrian Zmed
889;Andrew Davis
890;James Foley
891;Peter O'Toole
892;Neil Jordan
893;Steve Martin
894;Fred Schepisi
895;Page Hannah
896;Johnny Mack Brown
897;Eleanor Hansen
898;Ray Taylor
899;Jean Harlow
900;Jack Conway
901;Jessica Harper
902;John Byrum
903;Dylan McDermott
904;John Lafia
905;Robert Duvall
906;Tess Harper
907;Bruce Beresford
908;Kenneth Gilman
909;Priscilla Harris
910;Michael Barnard
911;Deborah Harry
912;James Russo
913;Roxanne Hart
914;Russell Mulcahy
915;Bernie White
916;Marilyn Hassett
917;Sylvester Stallone
918;Teri Hatcher
919;Goldie Hawn
920;Roy Boulting
921;Kurt Russell
922;Colin Higgins
923;Edward Albert
924;Milton Katselas
925;Garry Marshall
926;Robert Ellis Miller
927;Frank Oz
928;James Keach
929;Michael Ritchie
930;Chris Sarandon
931;Jay Sandrich
932;Armand Assante
933;Howard Zieff
934;Ronald Colman
935;Helen Hayes
936;Darren McGavin
937;Susan Hayward
938;Rita Hayworth
939;Vincent Sherman
940;Brian Aherne
941;Charles Vidor
942;Glenne Headley
943;Tippi Hedren
944;Geof Prysirr
945;Leah Ayres Hendrix
946;John Florea
947;Joe Piscopo
948;Marilu Henner
949;Nicolas Surovy
950;Rod Holcomb
951;Eva Henning
952;Rex Harrison
953;Audrey Hepburn
954;James Garner
955;Katharine Hepburn
956;Anthony Harvey
957;Elia Kazan
958;Walter Lang
959;Stuart Miller
960;Mark Rydell
961;Tupac Shakur
962;Cindy Herron
963;Ernest R. Dickerson
964;Barbara Hershey
965;David Anspaugh
966;Catherine Hicks
967;Geoffrey Reeve
968;Robert Shaw
969;Wendy Hiller
970;Fred Zinnemann
971;Bill Leadbitter
972;Beverly Hills
973;Ian Emes
974;Patrick MacNee
975;Clare Hoak
976;Larry Brand
977;Tom Brown
978;Rose Hobart
979;Omri Katz
980;Shawn Hoffman
981;Brett Thompson
982;John Terlesky
983;Susanna Hoffs
984;Tamar Simon Hoffs
985;Sarah Holcomb
986;Harold Ramis
987;Johnny Whitaker
988;Celeste Holm
989;Siohban Finneran
990;Michelle Holmes
991;Alan Clarke
992;Eddie Dean
993;Jennifer Holt
994;Camilla Horn
995;Greg Webb
996;Barbara Howard
997;Thomas L. Neff
998;David Birney
999;Season Hubley
1000;George Kaczender
1001;Rochelle Hudson
1002;Josephine Hull
1003;Richard Grieco
1004;Linda Hunt
1005;Michael Wilmington
1006;Holly Hunter
1007;Joel Coen
1008;Lasse Hallström
1009;Isabelle Huppert
1010;Robin Williams
1011;Mary Beth Hurt
1012;George Kennedy
1013;Olivia Hussey
1014;Kinji Fukasaku
1015;Ruth Hussey
1016;King Vidor
1017;Anjelica Huston
1018;Ron Silver
1019;Paul Mazursky
1020;Raul Julia
1021;B. Sonnenfeld
1022;Leila Hyams
1023;Tod Browning
1024;Scott Bakula
1025;Kathy Ireland
1026;Stan Dragoti
1027;Andy Garcia
1028;Amy Irving
1029;Bruno Barreto
1030;Joel Oliansky
1031;Peter Riegert
1032;Joan Micklin Silver
1033;Jeffrey Kime
1034;Isabelle Weingarten.
1035;John Thaw
1036;Glenda Jackson
1037;Lezli-An Barrett
1038;George Segal
1039;Melvin Frank
1040;Stratford Johns
1041;Mike Connors
1042;Sherry Jackson
1043;Don Chaffey
1044;Ulla Jacobsson
1045;Henry Jaglom
1046;Maggie Jakobsen
1047;Klaus Maria Brandauer
1048;Krystyna Janda
1049;Franklin Dyall
1050;Isabel Jeans
1051;Isabel Jewell
1052;Tommy Davidson
1053;Anne-Marie Johnson
1054;Kevin Hooks
1055;Michelle Johnson
1056;Grace Jones
1057;Alex Cox
1058;Mitch Gaylord
1059;Janet Jones
1060;Albert Magnoli
1061;Shirley Jones
1062;Ralph Levy
1063;Ron Howard
1064;Pernell Roberts
1065;Milla Jovovich
1066;Robert Wiemer
1067;Bengt Eklund
1068;Nine-Christine Jönsson
1069;Ryan O'Neal
1070;Madeline Kahn
1071;Peter Bogdanovich
1072;Mel Damski
1073;Gene Wilder
1074;Carol Kane
1075;Franco Amurri
1076;Frank Silvera
1077;Irene Kane
1078;Pierce Brosnan
1079;Shashi Kapoor
1080;Nicholas Meyer
1081;Valerie Kaprisky
1082;Jim McBride
1083;Caroline Kava
1084;Julie Kavner
1085;Penny Marshall
1086;Diane Keaton
1087;Sam Shepard
1088;William Atherton
1089;Al Pacino
1090;Martin Potter
1091;Hiram Keller
1092;George C. Scott
1093;Marthe Keller
1094;John G. Avildsen
1095;Alan Arkin
1096;Sally Kellerman
1097;Clark Gable
1098;Grace Kelly
1099;Otto Kruger
1100;Nancy Kelly
1101;Walter Colmes
1102;Henry King
1103;Henry Jones
1104;Mervyn LeRoy
1105;Mel Gibson
1106;Patsy Kensit
1107;Mark Herman
1108;Richard Barthelmess
1109;Barbara Kent
1110;Millard Webb
1111;Margot Kidder
1112;Christopher Reeve
1113;Hussein Waris
1114;Sam Neill
1115;Nicole Kidman
1116;Tony Scott
1117;Anton Glanzelius
1118;Melinda Kinnaman
1119;Nastassia Kinski
1120;Harry Dean Stanton
1121;Sally Kirkland
1122;Michael Winner
1123;Eartha Kitt
1124;Terry Jones
1125;Gerard Kikoine
1126;Gary McCleery
1127;Margaret Klenck
1128;Rick King
1129;Shirley Knight
1130;Scott Wilson
1131;Maja Komorowska
1132;Krzystoff Zanussi
1133;Mary Kornman
1134;Paul Hogan
1135;Linda Kozlowski
1136;John Cornell
1137;Peter Faiman
1138;Lisa Kreuzer
1139;Alice Krige
1140;Gary Graham
1141;Sylvia Kristel
1142;Philippe Blot
1143;Josef Sommer
1144;Christopher Coppola
1145;Kelly Kruize
1146;Masatoshi Nagase
1147;Youki Kudoh
1148;Jim Jarmusch
1149;Denice Kumagai
1150;Ted Post
1151;John Goodman
1152;Swoosie Kurtz
1153;David Byrne
1154;Masayuki Mori
1155;Machiki Kyô
1156;Kenji Mizoguchi
1157;Diane Ladd
1158;Martin B. Cohen
1159;Arliss Howard
1160;Christine Lahti
1161;John Badham
1162;Judd Hirsch
1163;Leonard Nimoy
1164;Audrey Landers
1165;Donald Most
1166;Judy Landers
1167;Ken Blancato
1168;Matt Dillon
1169;Diane Lane
1170;Ben Bolt
1171;C. Thomas Howell
1172;Charles Finch
1173;Walter Hill
1174;Jessica Lange
1175;Taylor Hackford
1176;Whip Wilson
1177;Christine Larson
1178;Carole Laure
1179;Christopher Gable
1180;Twiggy Lawson
1181;Steven Seagal
1182;Kelly LeBrock
1183;Bruce Malmuth
1184;Janet Leigh
1185;Josef von Sternberg
1186;David Neidorf
1187;Jennifer Jason Leigh
1188;John Stockwell
1189;Vivien Leigh
1190;Charlotte Lewis
1191;Virna Lisi
1192;Rod Amateau
1193;Alberto Lattuada
1194;Emily Lloyd
1195;Rosalind Lloyd
1196;Andrew V. McLaglen
1197;Sondra Locke
1198;Michael Barry
1199;Robert Townsend
1200;Margaret Lockwood
1201;Bob Peck
1202;Phyllis Logan
1203;Harry Hook
1204;Terry-Thomas
1205;Marie Lohr
1206;Robert Armstrong
1207;Carole Lombard
1208;Howard Higgin
1209;Robert Montgomery
1210;Francois Cluzet
1211;Lonette McKee
1212;David Rayfield
1213;Shelley Long
1214;Curtis Hanson
1215;Powers Boothe
1216;Emily Longstreth
1217;Lesli Linka Glatter
1218;Robin Nichol
1219;Traci Lords
1220;Stewart Dell
1221;Troy Donahue
1222;Mark Freed
1223;Sophia Loren
1224;John Hough
1225;Stphen Boyd
1226;Anthony Mann
1227;Delbert Mann
1228;Alberto Sordi
1229;Mario Mattoli
1230;Steve Railsback
1231;Boris Sagal
1232;Ettore Scola
1233;Lina Wertmuller
1234;John Gavin
1235;Robert Loggia
1236;George Peppard
1237;Billy Dee Williams
1238;Bill Allen
1239;Lori Loughlin
1240;Suzanna Love
1241;Ulli Lommel
1242;Myrna Loy
1243;Bela Lugosi
1244;William Beaudine
1245;Cherie Lunghi
1246;Jim Belushi
1247;Kelly Lynch
1248;John Hughes
1249;James Mason
1250;Sue Lyon
1251;James Spader
1252;Andie MacDowell
1253;Steven Soderbergh
1254;Peter Weir
1255;Paul Muzzcat
1256;Jan MacKenzie
1257;Shirley MacLaine
1258;James L. Brooks
1259;James Booth
1260;Joseph McGrath
1261;Robert Z'Dar
1262;Fawna MacLaren
1263;Aline MacMahon
1264;William K. Howard
1265;Madonna
1266;Harry De Winter
1267;Alek Keshishian
1268;Jeremy Pattnosh
1269;Steven Jon Lewicki
1270;Vanna White
1271;Virginia Madsen
1272;Michael Dinner
1273;Craig Sheffer
1274;Duncan Gibbins
1275;Don Johnson
1276;Magali Noel
1277;Pupella Maggio
1278;Jason Connery
1279;Luisa Maneri
1280;Sergio Martino
1281;Linda Manz
1282;Adele Mara
1283;Andrea Marcovicci
1284;Kika Markham
1285;Richard Loncraine
1286;Broderick Crawford
1287;Guilietta Masina
1288;Marsha Mason
1289;Divine
1290;Edith Massey
1291;Kevin Costner
1292;Mary Elizabeth Mastrantonio
1293;Roger Donaldson
1294;Marlee Matlin
1295;Randa Haines
1296;Carmen Maura
1297;Félix Rotaeta
1298;Keith Carradine
1299;Mimi Maynard
1300;Virginia Mayo
1301;Yaphet Kotto
1302;Rue McClanahan
1303;Gary Sherman
1304;Robby Benson
1305;Robert Carlyle
1306;Emer McCourt
1307;Ken Loach
1308;Jody McCrea
1309;Anthony M. Lanza
1310;Mary McDonnell
1311;James Earl Jones
1312;John Sayles
1313;Frances McDormand
1314;Alan Parker
1315;Vonetta McGee
1316;John Shea
1317;Kelly McGillis
1318;Uri Barbash
1319;Peter Weller
1320;Abel Ferrera
1321;Bernie Coulson
1322;Jonathan Kaplan
1323;Ted Kotcheff
1324;Timothy Hutton
1325;Alan Rudolph
1326;Jeff Daniels
1327;Elizabeth McGovern
1328;Richard Benjamin
1329;Marshall Brickman
1330;Kevin Bacon Hughes
1331;Dorothy McGuire
1332;George Stevens
1333;Timothy Dalton
1334;Janet McTeer
1335;Mariangela Melato
1336;Andrew Bergman
1337;Kirk Douglas
1338;Adolphe Menjou
1339;Melina Mercouri
1340;Jules Dassin
1341;Lee Meredith
1342;Jackie Mason
1343;Dina Merrill
1344;Allan Arkush
1345;Laurie Metcalf
1346;Mike Figgis
1347;Wesley Snipes
1348;Michael Michele
1349;Mario Van Peebles
1350;Bette Midler
1351;David Hayman
1352;Sarah Miles
1353;Robert Mitchum
1354;David Lean
1355;Richard C. Sarafian
1356;Vera Miles
1357;Penelope Ann Miller
1358;Paul Reubens
1359;Randal Kleiser
1360;Yvette Mimieux
1361;George Pal
1362;Joel Grey
1363;Liza Minnelli
1364;Bob Fosse
1365;Steve Gordon
1366;Vincente Minnelli
1367;Robert Englund
1368;Kelly Jo Minter
1369;Helen Mirren
1370;Piers Haggard
1371;John Cage
1372;Meredith Monk
1373;Peter Greenaway
1374;Sterling Hayden
1375;Marilyn Monroe
1376;Eddie Garr
1377;Phil Karlson
1378;Jean Negulesco
1379;Humphrey Bogart
1380;John Candy
1381;Demi Moore
1382;Dan Aykroyd
1383;Emilio Estevez
1384;Savage Steve Holland
1385;Jon Cryer
1386;Jerry Schatzberg
1387;Jerry Zucker
1388;Rob Lowe
1389;Edward Zwick
1390;Mary Tyler Moore
1391;Terry Moore
1392;Joseph H. Lewis
1393;Daniel Mann
1394;Jeanne Moreau
1395;William A. Fraker
1396;Paola Mori
1397;David Keith
1398;Cathy Moriarty
1399;Donald Cammell
1400;Zero Mostel
1401;Mel Brooks
1402;Frank Annese
1403;Tawny Moyer
1404;Greg Gold
1405;Michael Biehn
1406;Maureen Mueller
1407;Kenneth Bowser
1408;Diana Muldaur
1409;Ona Munson
1410;Bernard Vorhaus
1411;Ornella Muti
1412;Dominique Deruddere
1413;Mildred Natwick
1414;John Forsythe
1415;Raven Von Bergan
1416;Monica Navarro
1417;Bruce Marder
1418;Patricia Neal
1419;Barry Brenner
1420;Gail Neely
1421;Peter George
1422;Jun Negami
1423;Frank Whaley
1424;Natalya Negoda
1425;Hildegard Neil
1426;Basil Dearden
1427;Catherine Neilson
1428;Kate Nelligan
1429;Jack Hoxie
1430;Evelyn Nelson
1431;Robert N. Bradbury
1432;Laraine Newman
1433;Gary Weis
1434;Nichelle Nichols
1435;William  Shatner
1436;Jim Metzler
1437;Dana W. Nicholson
1438;Steven Lovy
1439;Brigitte Nielsen
1440;George P. Cosmatos
1441;Stig Olin
1442;Maj-Britt Nilsson
1443;Jeanette Nolan
1444;Kim Novak
1445;Yftach Katzur
1446;Zachi Noy
1447;Walter Bennett
1448;Pat O'Brien
1449;Irving Reis
1450;Nell O'Day
1451;Tyrone Power
1452;Maureen O'Hara
1453;Charles Laughton
1454;George Sherman
1455;Lena Olin
1456;Nancy Olson
1457;Edward Ludwig
1458;Michael O'Herlihy
1459;Pat O'Malley
1460;Laslo Benedek
1461;Carl Brisson
1462;Anny Ondra
1463;Tatum O'Neal
1464;Bryan Forbes
1465;Stephen Lack
1466;Jennifer O'Neill
1467;Marc Price
1468;Lisa Orgolini
1469;Charles Martin Smith
1470;Nick Nolte
1471;Annette O'Toole
1472;Geraldine Page
1473;Peter Masterson
1474;Betsy Palmer
1475;Irene Papas
1476;Costa-Gavras
1477;James Wilby
1478;Judy Parfitt
1479;James Ivory
1480;Nicol Williamson
1481;Tony Richardson
1482;Tcheky Karyo
1483;Anne Parillaud
1484;Sarah Jessica Parker
1485;Anthony Edwards
1486;Dan Taylor
1487;Barbara Parkins
1488;Peter R. Hunt
1489;Lee Majors
1490;Dolly Parton
1491;David Naughton
1492;Alexandra Paul
1493;Adrian Pasdar
1494;Cecilia Peck
1495;Jack Fisher
1496;Judd Nelson
1497;Elizabeth Perkins
1498;Bob Clark
1499;Danny DeVito
1500;Rhea Perlman
1501;Christopher Reid
1502;Valerie Perrine
1503;Dick Clement
1504;Bernadette Peters
1505;Carl Reiner
1506;Penny Peyser
1507;Richard Compton
1508;Michelle Pfeiffer
1509;Maxwell Caulfield
1510;Patricia Birch
1511;Matthew Modine
1512;Matthew Broderick
1513;Steve Kloves
1514;John Landis
1515;Robert Towne
1516;Vic Morrow
1517;Michelle Phillips
1518;Warren Oates
1519;Derek Jacobi
1520;Sarah Pickering
1521;Christine Edzard
1522;Charles Rogers
1523;Mary Pickford
1524;Jonathan Frid
1525;Christina Pickles
1526;Alexandra Pigg
1527;Tony Donahue
1528;Suzanne Pleshette
1529;Bernard Hill
1530;Joan Plowright
1531;John Stamos
1532;Teri Polo
1533;Graham Baker
1534;Tom Selleck
1535;Paulina Porizkova
1536;Jimmy Smits
1537;Markie Post
1538;Gregory Harrison
1539;Alexandra Powers
1540;Sandor Stern
1541;Stefanie Powers
1542;Johnny Doran
1543;Sally Prager
1544;Fielder Cook
1545;Paula Prentiss
1546;Clive Donner
1547;Leslie Nielsen
1548;Priscilla Presley
1549;David Zucker
1550;Hugo Race
1551;Santha Press
1552;Colin South Tatoulis John
1553;Kelly Preston
1554;Ivan Reitman
1555;John Travolta
1556;Dave Thomas
1557;William Lucking
1558;Victoria Principal
1559;Richard A. Colla
1560;Allan Rachins
1561;Lee Purcell
1562;Robert Scheerer
1563;James Read
1564;Linda Purl
1565;Mae Questel
1566;David Robb
1567;Kathleen Quinlan
1568;Willi Patterson
1569;Gaspard Manesse
1570;Francine Racette
1571;Cristina Raines
1572;Franco Rossi
1573;Vera Ralston
1574;George Waggner
1575;Charlotte Rampling
1576;Bubba Smith
1577;Marion Ramsey
1578;Peter Bonerz
1579;George Gaynes
1580;Alan Myerson
1581;Steve Guttenberg
1582;Jerry Paris
1583;Linda Hopkins
1584;Vi Redd
1585;Vanessa Fonda
1586;Jane Redgrave
1587;Vanessa Redgrave
1588;Donna Reed
1589;Alex Segal
1590;Pamela Reed
1591;Roger Spottiswoode
1592;Kate Reid
1593;Volker Schlöndorff
1594;Debbie Reynolds
1595;Laurence Luckinbill
1596;Elizabeth Richards
1597;Miranda Richardson
1598;Natasha Richardson
1599;Paul Schrader
1600;George Lazenby
1601;Diana Rigg
1602;Molly Ringwald
1603;Howard Deutch
1604;Tex Ritter
1605;Vincent Gauthier
1606;Marie Riviere
1607;Eric Rohmer
1608;Laila Robbins
1609;Julia Roberts
1610;Kiefer Sutherland
1611;Joel Schumacher
1612;Frances Robinson
1613;Fred Astaire
1614;Ginger Rogers
1615;Mimi Rogers
1616;Michael Cimino
1617;Michael Keaton
1618;Baz Taylor
1619;Farley Granger
1620;Ruth Roman
1621;Robert Totten
1622;Cliff De Young
1623;Jamie Rose
1624;Louis Morneau
1625;Katharine Ross
1626;Jackie Cooper
1627;Isabella Rossellini
1628;Ted Danson
1629;Jean Carmet
1630;Catherine Rouvel
1631;Jean-Jacques Annaud
1632;Gena Rowlands
1633;Roberto Benigni
1634;Alan Boyce
1635;Jennifer Rubin
1636;Marisa Silver
1637;Mercedes Ruehl
1638;Richard Pryor
1639;Maurice Phillips
1640;Barbara Rush
1641;Leif Garrett
1642;Betsy Russell
1643;John Quinn
1644;Ernie Hudson
1645;Gail Russell
1646;James Edward Grant
1647;Jeff Fahey
1648;Theresa Russell
1649;Gary Oldman
1650;Rene Russo
1651;Ann Rutherford
1652;Margaret Rutherford
1653;Meg Ryan
1654;John Patrick
1655;Val Kilmer
1656;Winona Ryder
1657;Jim Abrahams
1658;Eva Marie Saint
1659;Paul Bogart
1660;Otto Preminger
1661;Ken Ogata
1662;Sumiko Sakamoto
1663;Shohei Imamura
1664;Martin Sheen
1665;Jennifer Salt
1666;Lino Capolicchio
1667;Dominique Sanda
1668;Fred Haines
1669;Pierre Clementi
1670;Stefania Sandrelli
1671;Reni Santoni
1672;Mia Sara
1673;Susan Sarandon
1674;Glenn Jordan
1675;Euzhan Palcy
1676;Charles Gray
1677;Jim Sharman
1678;Vyacheslav Tikhonov
1679;Lyudmila Savelyeva
1680;Sergei Bondarchuk
1681;Denholm Elliott
1682;Greta Scacchi
1683;Prunella Scales
1684;Bill Pullman
1685;Wendy Schaal
1686;Mark W. Travis
1687;Sabrina Scharf
1688;Maria Schneider
1689;Michelangelo Antonioni
1690;Marc Singer
1691;Lisa Schrage
1692;Stuart Gillard
1693;Theodor Loos
1694;Margarete Schön
1695;Brenda Scott
1696;Paul Wendkos
1697;Judge Reinhold
1698;Jane Seymour
1699;Ken Finkleman
1700;Fernando Rey
1701;Delphine Seyrig
1702;Luis Bunuel
1703;Ally Sheedy
1704;Michelle Manning
1705;Rick Rosenthal
1706;Michael O'Keefe
1707;Carole Shelley
1708;Timothy Bottoms
1709;Cybill Shepherd
1710;Howard Hessman
1711;Brooke Shields
1712;Martin Hewitt
1713;Franco Zeffirelli
1714;Talia Shire
1715;Elisabeth Shue
1716;Oskar Homolka
1717;Sylvia Sidney
1718;Samy Ben Youb
1719;Simone Signoret
1720;Moshe Mizrahi
1721;Milton Berle
1722;Beverly Sills
1723;Jean Simmons
1724;Madge Sinclair
1725;Sidney Poitier
1726;Lilia Skala
1727;Crispin Glover
1728;Ione Skye
1729;Tim Hunter
1730;Helen Slater
1731;Michael J. Fox
1732;Josef Kroner
1733;Hana Slivoka
1734;Jan Kadar
1735;Madolyn Smith
1736;Bob Hoskins
1737;Maggie Smith
1738;Jack Clayton
1739;Yeardley Smith
1740;Stephen King
1741;Carrie Snodgress
1742;Meredith Baxter Birney
1743;Victoria Snow
1744;Tony Wharmby
1745;Alexandre Sterling
1746;Jane Snowden
1747;Jeff Hutchinson
1748;Suzanne Solari
1749;Donald G Jackson
1750;Elke Sommer
1751;Stuart Whitman
1752;Jack Lemmon
1753;Sissy Spacek
1754;Steve Bond
1755;Dona Speir
1756;Ronn Moss
1757;Jill St. John
1758;Barbara Stanwyck
1759;Alfred E. Green
1760;Rudolph Mate
1761;Don Ameche
1762;Maureen Stapleton
1763;Alison Steadman
1764;Christopher Morahan
1765;Mary Steenburgen
1766;Frances Sternhagen
1767;Inger Stevens
1768;Sharon Stone
1769;Paul Verhoeven
1770;Madeleine Stowe
1771;John Rhys-Davies
1772;Julie Strain
1773;Jean-Paul Ouellette
1774;Susan Strasberg
1775;Roger Corman
1776;Meryl Streep
1777;Albert Brooks
1778;Ulu Grosbard
1779;Kevin Kline
1780;Karel Reisz
1781;Charles Dance
1782;Ed Begley Jr.
1783;Robert Zemeckis
1784;Robin Whyatt
1785;Barbra Streisand
1786;Mandy Patinkin
1787;Daniel J. Travanti
1788;Imogen Stubbs
1789;Philip Saville Towns
1790;Yoshitaka Zushi
1791;Kin Sugai
1792;Barbara Sukowa
1793;Margaret Sullavan
1794;John Cromwell
1795;Miles O'Keeffe
1796;Emma Sutton
1797;Stephen Weeks
1798;Doris Svedlund
1799;Morgan Freeman
1800;Jessica Tandy
1801;Henry Ramer
1802;Elizabeth Taylor
1803;Lou Antonio
1804;Montgomery Clift
1805;Ian Bannen
1806;Giuseppe Patroni Griffi
1807;Brian G. Hutton
1808;Joseph Losey
1809;Len Cariou
1810;Harold Prince
1811;Rock Hudson
1812;Richard A. Dysart
1813;Gus Trikonis
1814;Fred M Wilcox
1815;Gary Cooper
1816;Eddie Fisher
1817;Van Johnson
1818;Richard Dix
1819;Estelle Taylor
1820;Wesley Ruggles
1821;Lloyd Bridges
1822;Joan Taylor
1823;John Webb
1824;Karen Taylor
1825;William Moses
1826;Lili Taylor
1827;Donald Petrie
1828;River Phoenix
1829;Nancy Savoca
1830;Rex the Wonder Horse
1831;Norma Taylor
1832;Ford Beebe
1833;Carl Morrow
1834;Victoria Taylor
1835;Jolyon Wimhurst
1836;Bob Newhart
1837;Leigh Taylor-Young
1838;Shirley Temple
1839;Cesar Romero
1840;Ricky Busker
1841;Brynn Thayer
1842;Robert Mandel
1843;Nocholas Strouse
1844;Andrea Thompson
1845;Charles Matthau
1846;Lea Thompson
1847;M. Emmet Walsh
1848;Ingrid Thulin
1849;Rachel Ticotin
1850;Michael Apted
1851;Charlene Tilton
1852;Beverly Todd
1853;Constance Towers
1854;William Holden
1855;Claire Trevor
1856;George Marshall
1857;Kathleen Turner
1858;Bill Couturie
1859;Lewis Teague
1860;Robert  Zemeckis
1861;Lana Turner
1862;John Farrow
1863;Barry Primus
1864;Shannon Tweed
1865;J.F. Lawton
1866;Barry Jackson
1867;Margaret Tyzack
1868;Roy Battersby
1869;Keir Dullea
1870;Liv Ullman
1871;Richard Dembo
1872;Miyoshi Umeki
1873;Joshua Logan
1874;Mary Ure
1875;Brian G. Hulton
1876;Susan Ursitti
1877;Robert Davi
1878;Kari Vaananen
1879;Mika Kaurismäki
1880;Lindsay Wagner
1881;Brigitta Valberg
1882;Giulio Brogi
1883;Alida Valli
1884;Jessica Walter
1885;Tony Danza
1886;Jeremy Joe Kronsberg
1887;Jo Van Fleet
1888;Peter Bergman
1889;Deborah Van Valkenburgh
1890;Allen Plone
1891;Paul Ganus
1892;Megan Ward
1893;Jason Patric
1894;Rachel Ward
1895;Nicholas Rowe
1896;Sophie Ward
1897;Julie Warner
1898;Michael Caton-Jones
1899;Peter Coyote
1900;Lesley Ann Warren
1901;Bobby Roth
1902;Sigourney Weaver
1903;Charles Dutton
1904;David Fincher
1905;Ron Perlman
1906;Jean-Pierre Jeunet
1907;Daniel Vigne
1908;Ann Wedgeworth
1909;Theodore J. Flicker
1910;Michael Moriarty
1911;John D. Hancock
1912;Horst Buchholz
1913;Raquel Welch
1914;Eduardo De Filippo
1915;Peter Cook
1916;Richard Fleischer
1917;David Dukes
1918;James Coburn
1919;Ernest Borgnine
1920;Tom Jones
1921;Diane Venora
1922;Florence Halop
1923;Elena Verdugo
1924;Julius LeFlore
1925;Cec Verrell
1926;Judi West
1927;Billy Wilder
1928;Charles Winninger
1929;Arleen Whelan
1930;Stacy Keach
1931;Carol White
1932;Billie Whitelaw
1933;Bud Yorkin
1934;Charlie Sheen
1935;Margaret Whitton
1936;David S. Ward
1937;Dianne Wiest
1938;Peter Falk
1939;Cindy Williams
1940;Fernando Lamas
1941;Esther Williams
1942;Charles Walters
1943;JoBeth Williams
1944;Yahoo Serious
1945;Pee-Wee Wilson
1946;Marie Windsor
1947;John David Garfield
1948;Virginia Wing
1949;Donald Wolfe
1950;Debra Winger
1951;Don Stroud
1952;Shelley Winters
1953;Stuart Heisler
1954;Oliver Hellman
1955;D. B. Sweeney
1956;Kelly Wolf
1957;Kenneth Madsen
1958;Gian Maria Volonte
1959;Sergio Leone
1960;Danielle Von Zerneck
1961;Jonathan Betnel
1962;Natalie Wood
1963;Ronald Neame
1964;James Dean
1965;Richard Beymer
1966;Joe Dallesandro
1967;Holly Woodlawn
1968;Paul Morrissey
1969;Joanne Woodward
1970;James Olson
1971;Robin Wright
1972;Teresa Wright
1973;Michael Wilding
1974;Jane Wyman
1975;Susannah York
1976;Christopher Miles
1977;Gig Young
1978;S. Sylvan Simon
1979;Karen Young
1980;Warren William
1981;Loretta Young
1982;Mai Zetterling
1983;Jasen Fisher
1984;Jack Paar
1985;Craig Allen
1986;Michael Anderson
1987;Ken Annakin
1988;Jean-Claude Van Damme
1989;Newt Arnold
1990;Taylor Gilbert
1991;Samson Aslanian
1992;Bille August
1993;Harold Becker
1994;John Lone
1995;Francesco Rulu
1996;Pierre Jolivet
1997;Willy Bogner
1998;John Boulting
1999;Karl Malden
2000;Raymond Cannon
2001;Henning Carlsen
2002;Charles Chaplin
2003;Henri Marchand
2004;Rene Clair
2005;Ray Winstone
2006;Tom Clegg
2007;June Wilkinson
2008;Boris Karloff
2009;Vincent Price
2010;Paul Hampton
2011;Cynthia Dale
2012;John Astin
2013;John De Bello
2014;George Wilson
2015;Jan Jalenak
2016;Andre Degas
2017;David Hasselhoff
2018;Mario Di Leo
2019;Richard Kiley
2020;Leon Isaac Kennedy
2021;Jamaa Fanaka
2022;John Mills
2023;Monte Hale
2024;Philip Ford
2025;Allan Lane
2026;Jan Vostrcil
2027;Bill Forsyth
2028;Dean Stockwell
2029;Bruce Gower
2030;Roger Graef
2031;Val Guest
2032;Tarik Akan
2033;Yilmaz Guney
2034;Rod Hardy
2035;Gavin Muir
2036;Curtis Harrington
2037;Monte Hellman
2038;Douglas Heyes
2039;Robert Donat
2040;Ray Milland
2041;Nova Pilbeam
2042;Jack Elam
2043;Joy Houck Jr.
2044;Ben Cross
2045;Hugh Hudson
2046;Terry Hughes
2047;John Irvin
2048;Mick Jackson
2049;Paul Reynolds
2050;Derek Jarman
2051;Tom Waits
2052;Sam Waterston
2053;Terence Ford
2054;Chris Jones
2055;Mikhail Kalatozov
2056;Ray Kellogg
2057;Doug English
2058;Burt Kennedy
2059;Tod Slaughter
2060;George King
2061;Malcolm McDowell
2062;Susumu Fujita
2063;Setsuko Hara
2064;Toshiro Mifune
2065;Tatsuya Nakadai
2066;Takashi Shimura
2067;Tom Berlin
2068;Alfred Abel
2069;Carl De Vogy
2070;Rudolf Klein-Rogge
2071;Denzel Washington
2072;Seamus Ford
2073;Biddy W. Lennon
2074;Malcolm Leo
2075;Perry King
2076;Mark L. Lester
2077;Richard Harris
2078;Frank Lloyd
2079;Robert Walker Jr.
2080;Maurizio Lucidi
2081;Larry Ludman
2082;John Ethan Wayne
2083;John Nance
2084;Alec Guinness
2085;Alexander Mackendrick
2086;Ian MacNaughton
2087;Pat Crowley
2088;Vincent McEveety
2089;William McGann
2090;Vaclav Neckar
2091;Jiri Menzel
2092;David Miller
2093;Don Mischer
2094;Gary Nelson
2095;Mike Newell
2096;John Jarratt
2097;Arch Nicholson
2098;Barry Newman
2099;William Nigh
2100;Colin Firth
2101;Pat O'Connor
2102;Tim Conlon
2103;Ron Oliver
2104;Cliff Owen
2105;Richard Patterson
2106;Sam Peckinpah
2107;Leo Penn
2108;Etienne Perier
2109;Daniel Petrie
2110;Gillo Pontecorvo
2111;Albert Pyun
2112;Richard Quine
2113;Pepper Martin
2114;Byron Quisenberry
2115;Derek De Lint
2116;Fons Rademakers
2117;Jerry Reed
2118;Roger-Pierre
2119;Gary Grimes
2120;John Mark Robinson
2121;Cecil Taylor
2122;Sheldon Rochlin
2123;Whip Hubley
2124;Jonathan Sanger
2125;Bulle Ogier
2126;The Fat Boys
2127;Michael Schultz
2128;Garrison Keillor
2129;Herb Sevush
2130;Dwight Schultz
2131;Jack Sholder
2132;Robert Siodmak
2133;Jack Smight
2134;Dennis Weaver
2135;George Stevens Jr.
2136;Lars Hanson
2137;Mauritz Stiller
2138;Peter Breck
2139;Herbert L. Strock
2140;Mel Stuart
2141;Jeannot Szwarc
2142;Norman Taurog
2143;Gavin Taylor
2144;Ben Gazzara
2145;Buck Jones
2146;Lash LaRue
2147;David Cassidy
2148;Roderick Taylor
2149;Gerald Thomas
2150;Jacques Tourneur
2151;Andrzej Wajda
2152;Francis Veber
2153;Pierre Richard
2154;Rudiger Vogler
2155;Peter Werner
2156;Jack Benny
2157;Rupert Everett
2158;Dick Foran
2159;Montgomery Ford
2160;John Gielgud
2161;Gene Kelly
2162;Jay Leno
2163;Patrick Lowe
2164;Howie Mandel
2165;Branford Marsalis
2166;Tim Matheson
2167;Rick Moranis
2168;Paul Naschy
2169;J. P. Pennington
2170;Ronald Reagan
2171;Robby Rosa
2172;Russ Tamblyn
2173;Dub Taylor
2174;James Taylor
2175;Kent Taylor
2176;Clint Walker
