0;Banderas, Antonio
1;Abril, Victoria
2;Almodóvar, Pedro
3;Bosé, Miguel
4;Walken, Christopher
5;Adams, Brooke
6;Cronenberg, David
7;Connery, Sean
8;Lester, Richard
9;Gere, Richard
10;Malick, Terrence
11;Moore, Roger
12;Adams, Maud
13;Glen, John
14;Connors, Chuck
15;Loma, José Antonio de la
16;Bergen, Robert D.
17;Adams, Trudy
18;Sebastian, Beverly
19;Lambert, Christopher
20;Adjani, Isabelle
21;Besson, Luc
22;Depardieu, Gérard
23;Nuytten, Bruno
24;Ahlstedt, Börje
25;Adolphson, Kristina
26;Bergman, Ingmar
27;Tognazzi, Ugo
28;Aimee, Anouk
29;Bertolucci, Bernardo
30;Trintignant, Jean-Louis
31;Lelouch, Claude
32;Alterio, Hector
33;Aleandro, Norma
34;Puenzo, Luiz
35;Hopkins, Anthony
36;Alexander, Denise
37;Kulik, Buzz
38;Longden, John
39;Algood, Sara
40;Hitchcock, Alfred
41;Wayne, John
42;Allen, Elizabeth
43;Ford, John
44;Bridges, Jeff
45;Allen, Joan
46;Coppola, Francis Ford
47;Murray, Bill
48;Allen, Karen
49;Donner, Richard
50;Ford, Harrison
51;Spielberg, Steven
52;Schwarzenegger, Arnold
53;Alonso, Maria Conchita
54;Glaser, Paul Michael
55;Glover, Danny
56;Hopkins, Stephen
57;Penn, Sean
58;Hopper, Dennis
59;Cage, Nicolas
60;Anderson, Erika
61;Pillsbury, Sam
62;Anderson, Kevin
63;Anderson, Jo
64;Sinise, Gary
65;Ford, Glenn
66;Anderson, Melissa Sue
67;Thompson, J. Lee
68;Gerard, Gil
69;Anderson, Melody
70;Stern, Steven Hilliard
71;Newman, Paul
72;Andersson, Bibi
73;Altman, Robert
74;Kulle, Jarl
75;Sjöström, Victor
76;Sydow, Max von
77;Taylor, Rod
78;Björnstrand, Gunnar
79;Andersson, Harriet
80;Josephson, Erland
81;Ando, Eiko
82;Huston, John
83;Niven, David
84;Andress, Ursula
85;Hughes, Ken
86;Young, Terence
87;Finch, Peter
88;Andrews, Dana
89;Moore, Dudley
90;Andrews, Julie
91;Edwards, Blake
92;Reynolds, Burt
93;Hill, George Roy
94;Bates, Alan
95;Konchalovsky, Andrei
96;Plummer, Christopher
97;Wise, Robert
98;Cleese, John
99;Annen, Paule
100;Alda, Alan
101;Ann-Margret
102;Attenborough, Richard
103;Daltry, Roger
104;Russell, Ken
105;Dreyfuss, Richard
106;Anspach, Susan
107;Kagan, Jeremy Paul
108;Haas, Lukas
109;Aquino, Vanessa
110;Vanwagenen, Sterling
111;Douglas, Michael
112;Archer, Anne
113;Lyne, Adrian
114;Noyce, Phillip
115;Ardant, Fanny
116;Truffaut, François
117;Savage, John
118;Armstrong, Kerry
119;Howson, Frank
120;Taylor, Robert
121;Arnaz, Desi
122;Richter, Paul
123;Arnold, Gertrud
124;Lang, Fritz
125;Rooker, Michael
126;Arnold, Tracy
127;Barr, Jean-Marc
128;Arquette, Rosanna
129;Milius, John
130;Roberts, Eric
131;Purcell, Evelyn
132;Dunne, Griffin
133;Scorsese, Martin
134;Quinn, Aidan
135;Seidelman, Susan
136;Matthau, Walter
137;Arrick, Rose
138;May, Elaine
139;Aslan, Gregoire
140;Thorpe, Richard
141;Barrymore, John
142;Astor, Mary
143;Crosland, Alan
144;LaFont, Jean-Philippe
145;Audran, Stéphane
146;Axel, Gabriel
147;Montand, Yves
148;Auger, Claudine
149;Young, Terrence
150;Chesney, Arthur
151;Ault, Marie
152;Ustinov, Peter
153;Bacall, Lauren
154;Donaggio, Michael Winner
155;Balsam, Martin
156;Lumet, Sidney
157;Wellman, William
158;Bach, Barbara
159;Gilbert, Lewis
160;Palfy, David
161;Bahtia, Stacy Christensen
162;Winning, David
163;Baker, Carroll
164;Roundtree, Richard
165;Baker, Dawn
166;Bradley, Al
167;Thewlis, David
168;Balk, Fairuza
169;Frankenheimer, John
170;Bancroft, Anne
171;Jones, David
172;Lynch, David
173;Jacoby, Billy
174;Barash, Olivia
175;DeCoteau, David
176;Holbrook, Hal
177;Barbeau, Adrienne
178;Romero, George A.
179;Din, Ayub Khan
180;Barber, Frances
181;Frears, Stephen
182;Brauss, Arthur
183;Bardischewski, Maria
184;Wenders, Wim
185;Gelin, Daniel
186;Bardot, Brigitte
187;Allegret, Marc
188;Ronet, Maurice
189;Aurel, Jean
190;Bretonniere, Jean
191;Boisrond, Michel
192;Vidal, Henri
193;Terzieff, Laurent
194;Bourguignon, Serge
195;Dmytryk, Edward
196;Palance, Jack
197;Godard, Jean-Luc
198;Mumy, Billy
199;Koster, Henry
200;Mastroianni, Marcello
201;Malle, Louis
202;Perkins, Anthony
203;Molinaro, Edouard
204;Jourdan, Louis
205;Surin, Fred
206;Bogarde, Dirk
207;Thomas, Ralph
208;Hossein, Robert
209;Vadim, Roger
210;Jurgens, Curt
211;Byrne, Gabriel
212;Barkin, Ellen
213;Lambert, Mary
214;Kendall, Henry
215;Barry, Joan
216;Stoltz, Eric
217;Barrymore, Deborah
218;Schaffner, Franklin J.
219;Wallace, Dee
220;Barrymore, Drew
221;Basinger, Kim
222;Bakshi, Ralph
223;Benton, Robert
224;Nicholson, Jack
225;Burton, Tim
226;Willis, Bruce
227;Heston, Charlton
228;Joanou, Phil
229;Kershner, Irvin
230;Rourke, Mickey
231;Culp, Robert
232;Moxey, John Llewellyn
233;Pearce, Richard
234;Baldwin, Alec
235;Rees, Jerry
236;Caan, James
237;Bates, Kathy
238;Reiner, Rob
239;Andersson, Wiktor
240;Baude, Anna-Lisa
241;Hamilton, Antony
242;Bauer, Belinda
243;Philips, Lee
244;Busey, Gary
245;Hackman, Gene
246;Beals, Jennifer
247;Drury, David
248;Hauser, Wings
249;Beck, Kimberly
250;Mastorakis, Nico
251;Bedelia, Bonnie
252;Pakula, Alan J.
253;Beecher, Janet
254;DeMille, Cecil B.
255;Belford, Christine
256;Rosenberg, Stuart
257;Flanders, Ed
258;Beller, Kathleen
259;Taylor, Jud
260;Belzer, Richard
261;Benatar, Pat
262;De Niro, Robert
263;Bening, Annette
264;Winkler, Irwin
265;Redgrave, Michael
266;Bennett, Joan
267;Robinson, Edward G.
268;Blanc, Mel
269;Bennett, Julie
270;Ford, Greg
271;Burns, George
272;Berenson, Marisa
273;Kingsley, Ben
274;Bergen, Candice
275;Nichols, Mike
276;Gould, Elliott
277;Rush, Richard
278;Albaicín, Rafael
279;Berger, Senta
280;Adolphson, Edvin
281;Bergman, Ingrid
282;Björk, Halvar
283;Boyer, Charles
284;Cukor, George
285;Grant, Cary
286;Donen, Stanley
287;Edgren, Gustaf
288;Ferrer, Jose
289;Fleming, Victor
290;Beatty, Ned
291;Gibson, Alan
292;Quinn, Anthony
293;Green, Guy
294;Cotten, Joseph
295;Widgren, Olof
296;Lindberg, Per
297;Litvak, Anatole
298;Tamiroff, Akim
299;Crosby, Bing
300;McCarey, Leo
301;Ekman, Gösta
302;Molander, Gustaf
303;Svennberg, Tore
304;Westergren, Håkan
305;Molander, Gustav
306;Rydeberg, Georg
307;Ferrer, Mel
308;Renoir, Jean
309;Knox, Alexander
310;Rossellini, Roberto
311;Sanders, George
312;Wieman, Mathias
313;Vitale, Mario
314;Saks, Gene
315;Conover, Bruce
316;Torn, Rip
317;Ginty, Robert
318;Bergman, Sandahl
319;Holzman, Allan
320;Prior, David A.
321;Feldman, Marty
322;Berman, Shelley
323;Clark, Jim
324;Bernhard, Sandra
325;Murphy, Eddie
326;Abraham, F. Murray
327;Berridge, Elizabeth
328;Forman, Milos
329;Billingsley, Jennifer
330;Sargent, Joseph
331;Day-Lewis, Daniel
332;Binoche, Juliette
333;Kaufman, Philip
334;Bisset, Jacqueline
335;Lancaster, Burt
336;Seaton, George
337;Aumont, Jean-Pierre
338;Malmsten, Birger
339;Björk, Anita
340;Reed, Oliver
341;Black, Karen
342;Curtis, Dan
343;Fonda, Peter
344;Rafelson, Bob
345;Sutherland, Donald
346;Schlesinger, John
347;Blackman, Honor
348;Hamilton, Guy
349;Burton, Richard
350;Blair, Linda
351;Boorman, John
352;Clements, Stanley
353;Blondell, Gloria
354;Bernds, Edward
355;Blondell, Joan
356;Leigh, Jason
357;Robertson, Cliff
358;Bloom, Claire
359;Nelson, Ralph
360;Eastwood, Clint
361;Bloom, Verna
362;Bobby, Anne
363;Barker, Clive
364;Bonnaire, Sandrine
365;Pialat, Maurice
366;Meril, Macha
367;Varda, Agnes
368;Cosby, Bill
369;Boosler, Elayne
370;Chapman, Graham
371;Booth, Connie
372;Gilliam, Terry
373;Booth, Shirley
374;Anthony, Joseph
375;Bouquet, Carole
376;Rogers, Buddy
377;Bow, Clara
378;Bracco, Lorraine
379;McTiernan, John
380;Hurt, William
381;Braga, Sonia
382;Babenco, Hector
383;Brennan, Eileen
384;Brewster, Diane
385;Pevney, Joseph
386;Paré, Michael
387;Bridges, Lynda
388;Rumar, Craig
389;Brochet, Anne
390;Rappeneau, Jean-Paul
391;Fijewski, Tadeusz
392;Broniewska, Maria
393;Ford, Aleksander
394;Hopkins, Barrett
395;Brown, Violet
396;Ingvordsen, J. Christian
397;Brando, Marlon
398;Brynner, Yul
399;Wicki, Bernhard
400;Atzorn, Robert
401;Buchegger, Christine
402;Buckley, Betty
403;Polanski, Roman
404;Bujold, Geneviève
405;Crichton, Michael
406;Irons, Jeremy
407;West, Leonard
408;Burd, Stephanie
409;Lambert, Bruce
410;Burstyn, Ellen
411;Friedkin, William
412;Kristofferson, Kris
413;Bolt, Jonathan
414;Byrne, Martha
415;King Keller, Frederick
416;Cagney, James
417;Calvet, Corinne
418;De Brier, Sampson
419;Cameron, Marjorie
420;Anger, Kenneth
421;Fishburne, Larry
422;Campbell, Tisha
423;Lee, Spike
424;Heard, John
425;Cannon, Dyan
426;Olsen, Merlin
427;Cannon, Katharine
428;Claxton, William F.
429;Bideman, Robert
430;Capone, Nadia
431;Bergman, Robert
432;Elliott, Sam
433;Capshaw, Kate
434;Day, Robert
435;Huyck, Willard
436;Quaid, Dennis
437;Ruben, Joseph
438;Scott, Ridley
439;Cardinale, Claudia
440;Fellini, Federico
441;Ford, Wallace
442;Carlisle, Mary
443;Cabanne, Christy
444;Taylor, Noah
445;Carmen, Loene
446;Duigan, John
447;Belmondo, Jean-Paul
448;Caron, Leslie
449;Clément, René
450;Gries, Tom
451;Carrera, Barbara
452;Taylor, Don
453;Caine, Michael
454;Carrillo, Elpidia
455;Mackenzie, John
456;Lorre, Peter
457;Carroll, Madeleine
458;Mahler, Bruce
459;Carter, Judy
460;Kendall, Tony
461;Carter, Karen
462;Theumer, Ernst R. von
463;Cassidy, Joanna
464;Galligan, Zach
465;Cates, Phoebe
466;Dante, Joe
467;Heckerling, Amy
468;McCarthy, Andrew
469;Cattrall, Kim
470;Gottlieb, Michael
471;Moore, Frank
472;Chambers, Marilyn
473;Sellers, Peter
474;Champion, Marge
475;Peterson, Chris
476;Chan, Agnes
477;Lawford, Peter
478;Channing, Carol
479;Chapman, Marguerite
480;Seiter, William A.
481;Charisse, Cyd
482;Ray, Nicholas
483;MacLachlan, Kyle
484;Chen, Joan
485;Cage, Nicholas
486;Cher
487;Jewison, Norman
488;Miller, George
489;Chiles, Lois
490;Davis, Guy
491;Chong, Rae Dawn
492;Lathan, Stan
493;Jagger, Mick
494;Lauer, Andrew
495;Christian, Claudia
496;Rifkin, Adam
497;Beatty, Warren
498;Christie, Julie
499;Ashby, Hal
500;Harvey, Laurence
501;Church, Sandra
502;Englund, George
503;Rogers, Will
504;Churchill, Marguerite
505;Taylor, Sam
506;Walsh, Raoul
507;Cilento, Diane
508;Ritt, Martin
509;Clark, Susan
510;Siegel, Don
511;Penn, Jillette
512;Clarke, Caitlin
513;Penn, Arthur
514;Philbin, John
515;Clayburgh, Jill
516;Weill, Claudia
517;Malkovich, John
518;Close, Glenn
519;Schroeder, Barbet
520;Arestrup, Niels
521;Szabó, István
522;Welles, Orson
523;Colbert, Claudette
524;Cameron, Kirk
525;Colin, Margaret
526;Daniel, Rod
527;Stewart, James
528;Collier, Constance
529;Hope, Bob
530;Collins, Joan
531;Panama, Norman
532;Conti, Tom
533;Collins, Pauline
534;Swayze, Patrick
535;Joffe, Roland
536;Comer, Anjanette
537;Furie, Sidney J.
538;Thames, Byron
539;Connelly, Jennifer
540;Feferman, Linda
541;Bottoms, Sam
542;Coppola, Eleanor
543;Bahr, Fax
544;Lee, Karla
545;Cornell, Laura
546;Cornwell, Charlotte
547;Kruger, Hardy
548;Courcel, Nicole
549;LeMat, Paul
550;Crampton, Barbara
551;Schmoeller, David
552;McDowall, Roddy
553;Crawford, Joan
554;Gwynne, Fred
555;Crosby, Denise
556;Phipps, Wentley
557;Crouch, Sandra
558;Walton, Kip
559;Crouse, Lindsay
560;Jenkins, Daniel H.
561;Curtin, Jane
562;Curtis, Jamie Lee
563;Crichton, Charles
564;Dahlbeck, Eva
565;Anglade, Jean-Hughes
566;Dalle, Béatrice
567;Beineix, Jean-Jacques
568;D'Angelo, Beverly
569;Chase, Chevy
570;S, Jeremiah
571;Solomin, Yuri
572;Danilchenko, Svetlana
573;Kurosawa, Akira
574;Danner, Blythe
575;Allen, Woody
576;Hopkins, Bo
577;D'Arbanville, Patti
578;Avedis, Howard Hikmet
579;Knox, Terence
580;Wright, Thomas J.
581;Shatner, William
582;Darby, Kim
583;Hathaway, Henry
584;Crisp, Donald
585;Darwell, Jane
586;Davis, Bette
587;Aldrich, Robert
588;Bernhardt, Curtis
589;Brent, George
590;Goulding, Edmund
591;Mankiewicz, Joseph L.
592;Goldblum, Jeff
593;Davis, Geena
594;Franklin, Howard 
595;Grant, Hugh
596;Davis, Sammi
597;Hemmings, David
598;Day, Doris
599;Marais, Jean
600;Day, Josette
601;Cocteau, Jean
602;McCrea, Joel
603;Day, Laraine
604;Richardson, Ralph
605;De Havilland, Olivia
606;Wyler, William
607;Underwood, Jay
608;Deakins, Lucy
609;Castle, Nick
610;Dean, Isabel
611;Wrede, Caspar
612;Dee, Frances
613;Auer, John H.
614;Aiello, Danny
615;Dee, Ruby
616;Braugher, Andre
617;Peerce, Larry
618;Berggren, Thommy
619;Degermark, Pia
620;Widerberg, Bo
621;Weathers, Carl
622;Delaney, Cassandra
623;Budds, Colin
624;Ford, Peter
625;Demongeot, Mylene
626;Cruise, Tom
627;DeMornay, Rebecca
628;Brickman, Paul
629;Deneuve, Catherine
630;Berri, Claude
631;Chouraqui, Elie
632;Comeau, Alain
633;Corneau, Alan
634;Richards, Dick
635;Depardieu, Elizabeth
636;Dern, Laura
637;DeSoto, Rosana
638;Olmos, Edward James
639;Menendez, Ramon
640;Finney, Albert
641;Dey, Susan
642;Haid, Charles
643;Dickinson, Angie
644;Jameson, Jerry
645;Dietrich, Marlene
646;Garnett, Tay
647;Tracy, Spencer
648;Kramer, Stanley
649;Taylor, Rip
650;Diller, Phyllis
651;Sharif, Omar
652;Dombasle, Arielle
653;Ganz, Bruno
654;Dommartin, Solveig
655;Donohoe, Amanda
656;Roeg, Nicolas
657;Dors, Diana
658;Benezech, Pascal
659;Dougnac, Marie-Laure
660;Caro, Marc
661;Down, Lesley-Anne
662;Hyams, Peter
663;Tuchner, Michael
664;Fonda, Henry
665;Downs, Cathy
666;Johnson, Ben
667;Dru, Joanne
668;Hopkins, Harold
669;Drynan, Jeanie
670;Meagher, John
671;Grant, Donald
672;DuBarry, Denise
673;Dahlin, Bob
674;Eban, Abba
675;Dunaway, Faye
676;Kollek, Amos
677;Redford, Robert
678;Pollack, Sydney
679;Mantegna, Joe
680;Powell, William
681;Dunne, Irene
682;Curtiz, Michael
683;Duperey, Anny
684;Resnais, Alain
685;Duvall, Shelley
686;Kubrick, Stanley
687;Dvorak, Ann
688;Kane, Joseph
689;Eaton, Shirley
690;Eggar, Samantha
691;Eilbacher, Lisa
692;Brest, Martin
693;Urich, Robert
694;Quinn, James
695;Ekberg, Anita
696;Ekland, Britt
697;De Sica, Vittorio
698;Hermoso, Miguel
699;Parrish, Robert
700;Beneke, Tex
701;Elgart, Les
702;Ironside, Michael
703;Errickson, Krista
704;Laulette, Charles
705;Evenson, Kim
706;Schnitzer, Robert Allen
707;Dye, John
708;Fairchild, Morgan
709;Casden, Ron
710;Farr, Felicia
711;Daves, Delmer
712;Farrow, Mia
713;Robards, Jason
714;Troell, Jan
715;Nouri, Michael
716;Fawcett, Farrah
717;Avnet, John
718;Needham, Hal
719;Nugent, Eddie
720;Fazenda, Louise
721;Collins, Lewis D.
722;Bottoms, Joseph
723;Feldshuh, Tovah
724;Chomsky, Marvin J.
725;Jamieson, Malcolm
726;Fenn, Sherilyn
727;Band, Charles
728;Whitaker, Forest
729;London, Roy
730;Ferratti, Rebecca
731;Kiersch, Fritz
732;Field, Sally
733;Belson, Jerry
734;Harris, Ed
735;Molina, Alfred
736;Gilbert, Brian
737;Winkler, Henry
738;Bridges, Beau
739;Skerritt, Tom
740;Ross, Herbert
741;Hanks, Tom
742;Fisher, Carrie
743;Hamill, Mark
744;Lucas, George
745;Marquand, Richard
746;Dunbar, Adrian
747;Fitzgerald, Tara
748;Chelsom, Peter
749;Payne, John
750;Fleming, Rhonda
751;Dwan, Allan
752;Sturges, John
753;Fleming, Susan
754;Lederman, Ross
755;Dengel, Jake
756;Fletcher, Suzanne
757;Smithey, Alan
758;Gonzales, Peter
759;Florence, Fiona
760;Fonda, Jane
761;Bridges, James
762;Marvin, Lee
763;Silverstein, Elliot
764;Voight, Jon
765;Olivier, Laurence
766;Fontaine, Joan
767;Stevenson, Robert
768;Randall, Anne
769;Ford, Anitra
770;Sidaris, Andy
771;Katt, William
772;Ford, Maria
773;Golden, Dan
774;Lottimer, Ed
775;Ruben, Katt Shea
776;Sharkey, Ray
777;Stein, Ken
778;Foreman, Deborah
779;Coolidge, Martha
780;Foster, Jodie
781;Demme, Jonathan
782;Harmon, Mark
783;Kampmann, Steven 
784;McEveety, Bernard
785;Robbins, Tim
786;Francis, Anne
787;Brooks, Richard
788;Fricker, Brenda
789;Sheridan, Jim
790;Avalon, Frankie
791;Funicello, Annette
792;Hobbs, Lyndall
793;Marshall, Herbert
794;Garbo, Greta
795;Boleslawski, Richard
796;Apfel, Oscar
797;Brown, Clarence
798;Bickford, Charles
799;Gilbert, John
800;March, Fredric
801;Novarro, Ramon
802;Fitzmaurice, George
803;Stone, Lewis
804;Franklin, Sidney
805;Hale, Alan
806;Leonard, Robert Z.
807;Douglas, Melvyn
808;Lubitsch, Ernst
809;Mamoulian, Rouben
810;Nagel, Conrad
811;Niblo, Fred
812;Stuart, Henry
813;Pabst, Georg Wilhelm
814;Asther, Nils
815;Robertson, John S.
816;Garland, Judy
817;Cassavetes, John
818;Hoffman, Dustin
819;Garr, Teri
820;Pytka, Joe
821;Garson, Greer
822;Belushi, John
823;Gary, Lorraine
824;Scheider, Roy
825;Cusack, John
826;Gazelle, Wendy
827;Lisberger, Steven
828;Dafoe, Willem
829;Young, Robert M.
830;Geeson, Judy
831;Hickox, Douglas
832;Gence, Denise
833;Blier, Bertrand
834;Woods, James
835;Gibb, Cynthia
836;Stone, Oliver
837;Gibson, Althea
838;Newton, Robert
839;Gilchrist, Connie
840;Haskin, Byron
841;Gleason, Jackie
842;Rossen, Robert
843;Gless, Sharon
844;Hyam, Peter
845;Ontkean, Michael
846;Goldberg, Whoopi
847;Mulligan, Robert
848;Goldthwait, Bob
849;Wilson, Hugh
850;Crystal, Billy
851;Sorvino, Paul
852;Goldoni, Lelia
853;Golino, Valeria
854;Levinson, Barry
855;Leaud, Jean-Pierre
856;Goya, Chantal
857;Perrin, Vic
858;Grahame, Gloria
859;Stanley, Paul
860;Currie, Sondra
861;Greenbush, Lindsay
862;Greist, Kim
863;Lion, Leon M.
864;Grey, Anne
865;Petersen, William L.
866;Griest, Kim
867;Mann, Michael
868;Griffith, Melanie
869;De Palma, Brian
870;Seltzer, David
871;Christian, Keely
872;Grye, Brittain
873;Tadokoro, Yutaka
874;Hamilton, Carrie
875;Kuzui, Fran Rubel
876;Hamilton, Linda
877;Cameron, James
878;Kerwin, Brian
879;Guillermin, John
880;Curtis, Tony
881;Hampshire, Susan
882;Berenger, Tom
883;Hannah, Daryl
884;Bill, Tony
885;Carpenter, John
886;Remar, James
887;Chapman, Michael
888;Zmed, Adrian
889;Davis, Andrew
890;Foley, James
891;O'Toole, Peter
892;Jordan, Neil
893;Martin, Steve
894;Schepisi, Fred
895;Hannah, Page
896;Brown, Johnny Mack
897;Hansen, Eleanor
898;Taylor, Ray
899;Harlow, Jean
900;Conway, Jack
901;Harper, Jessica
902;Byrum, John
903;McDermott, Dylan
904;Lafia, John
905;Duvall, Robert
906;Harper, Tess
907;Beresford, Bruce
908;Gilman, Kenneth
909;Harris, Priscilla
910;Barnard, Michael
911;Harry, Deborah
912;Russo, James
913;Hart, Roxanne
914;Mulcahy, Russell
915;White, Bernie
916;Hassett, Marilyn
917;Stallone, Sylvester
918;Hatcher, Teri
919;Hawn, Goldie
920;Boulting, Roy
921;Russell, Kurt
922;Higgins, Colin
923;Albert, Edward
924;Katselas, Milton
925;Marshall, Garry
926;Miller, Robert Ellis
927;Oz, Frank
928;Keach, James
929;Ritchie, Michael
930;Sarandon, Chris
931;Sandrich, Jay
932;Assante, Armand
933;Zieff, Howard
934;Colman, Ronald
935;Hayes, Helen
936;McGavin, Darren
937;Hayward, Susan
938;Hayworth, Rita
939;Sherman, Vincent
940;Aherne, Brian
941;Vidor, Charles
942;Headley, Glenne
943;Hedren, Tippi
944;Prysirr, Geof
945;Hendrix, Leah Ayres
946;Florea, John
947;Piscopo, Joe
948;Henner, Marilu
949;Surovy, Nicolas
950;Holcomb, Rod
951;Henning, Eva
952;Harrison, Rex
953;Hepburn, Audrey
954;Garner, James
955;Hepburn, Katharine
956;Harvey, Anthony
957;Kazan, Elia
958;Lang, Walter
959;Miller, Stuart
960;Rydell, Mark
961;Shakur, Tupac
962;Herron, Cindy
963;Dickerson, Ernest R.
964;Hershey, Barbara
965;Anspaugh, David
966;Hicks, Catherine
967;Reeve, Geoffrey
968;Shaw, Robert
969;Hiller, Wendy
970;Zinnemann, Fred
971;Leadbitter, Bill
972;Hills, Beverly
973;Emes, Ian
974;MacNee, Patrick
975;Hoak, Clare
976;Brand, Larry
977;Brown, Tom
978;Hobart, Rose
979;Katz, Omri
980;Hoffman, Shawn
981;Thompson, Brett
982;Terlesky, John
983;Hoffs, Susanna
984;Hoffs, Tamar Simon
985;Holcomb, Sarah
986;Ramis, Harold
987;Whitaker, Johnny
988;Holm, Celeste
989;Finneran, Siohban
990;Holmes, Michelle
991;Clarke, Alan
992;Dean, Eddie
993;Holt, Jennifer
994;Horn, Camilla
995;Webb, Greg
996;Howard, Barbara
997;Neff, Thomas L.
998;Birney, David
999;Hubley, Season
1000;Kaczender, George
1001;Hudson, Rochelle
1002;Hull, Josephine
1003;Grieco, Richard
1004;Hunt, Linda
1005;Wilmington, Michael
1006;Hunter, Holly
1007;Coen, Joel
1008;Hallström, Lasse
1009;Huppert, Isabelle
1010;Williams, Robin
1011;Hurt, Mary Beth
1012;Kennedy, George
1013;Hussey, Olivia
1014;Fukasaku, Kinji
1015;Hussey, Ruth
1016;Vidor, King
1017;Huston, Anjelica
1018;Silver, Ron
1019;Mazursky, Paul
1020;Julia, Raul
1021;Sonnenfeld, B.
1022;Hyams, Leila
1023;Browning, Tod
1024;Bakula, Scott
1025;Ireland, Kathy
1026;Dragoti, Stan
1027;Garcia, Andy
1028;Irving, Amy
1029;Barreto, Bruno
1030;Oliansky, Joel
1031;Riegert, Peter
1032;Silver, Joan Micklin
1033;Kime, Jeffrey
1034;Isabelle Weingarten.
1035;Thaw, John
1036;Jackson, Glenda
1037;Barrett, Lezli-An
1038;Segal, George
1039;Frank, Melvin
1040;Johns, Stratford
1041;Connors, Mike
1042;Jackson, Sherry
1043;Chaffey, Don
1044;Jacobsson, Ulla
1045;Jaglom, Henry
1046;Jakobsen, Maggie
1047;Brandauer, Klaus Maria
1048;Janda, Krystyna
1049;Dyall, Franklin
1050;Jeans, Isabel
1051;Jewell, Isabel
1052;Davidson, Tommy
1053;Johnson, Anne-Marie
1054;Hooks, Kevin
1055;Johnson, Michelle
1056;Jones, Grace
1057;Cox, Alex
1058;Gaylord, Mitch
1059;Jones, Janet
1060;Magnoli, Albert
1061;Jones, Shirley
1062;Levy, Ralph
1063;Howard, Ron
1064;Roberts, Pernell
1065;Jovovich, Milla
1066;Wiemer, Robert
1067;Eklund, Bengt
1068;Jönsson, Nine-Christine
1069;O'Neal, Ryan
1070;Kahn, Madeline
1071;Bogdanovich, Peter
1072;Damski, Mel
1073;Wilder, Gene
1074;Kane, Carol
1075;Amurri, Franco
1076;Silvera, Frank
1077;Kane, Irene
1078;Brosnan, Pierce
1079;Kapoor, Shashi
1080;Meyer, Nicholas
1081;Kaprisky, Valerie
1082;McBride, Jim
1083;Kava, Caroline
1084;Kavner, Julie
1085;Marshall, Penny
1086;Keaton, Diane
1087;Shepard, Sam
1088;Atherton, William
1089;Pacino, Al
1090;Potter, Martin
1091;Keller, Hiram
1092;Scott, George C.
1093;Keller, Marthe
1094;Avildsen, John G.
1095;Arkin, Alan
1096;Kellerman, Sally
1097;Gable, Clark
1098;Kelly, Grace
1099;Kruger, Otto
1100;Kelly, Nancy
1101;Colmes, Walter
1102;King, Henry
1103;Jones, Henry
1104;LeRoy, Mervyn
1105;Gibson, Mel
1106;Kensit, Patsy
1107;Herman, Mark
1108;Barthelmess, Richard
1109;Kent, Barbara
1110;Webb, Millard
1111;Kidder, Margot
1112;Reeve, Christopher
1113;Waris, Hussein
1114;Neill, Sam
1115;Kidman, Nicole
1116;Scott, Tony
1117;Glanzelius, Anton
1118;Kinnaman, Melinda
1119;Kinski, Nastassia
1120;Stanton, Harry Dean
1121;Kirkland, Sally
1122;Winner, Michael
1123;Kitt, Eartha
1124;Jones, Terry
1125;Kikoine, Gerard
1126;McCleery, Gary
1127;Klenck, Margaret
1128;King, Rick
1129;Knight, Shirley
1130;Wilson, Scott
1131;Komorowska, Maja
1132;Zanussi, Krzystoff
1133;Kornman, Mary
1134;Hogan, Paul
1135;Kozlowski, Linda
1136;Cornell, John
1137;Faiman, Peter
1138;Kreuzer, Lisa
1139;Krige, Alice
1140;Graham, Gary
1141;Kristel, Sylvia
1142;Blot, Philippe
1143;Sommer, Josef
1144;Coppola, Christopher
1145;Kruize, Kelly
1146;Nagase, Masatoshi
1147;Kudoh, Youki
1148;Jarmusch, Jim
1149;Kumagai, Denice
1150;Post, Ted
1151;Goodman, John
1152;Kurtz, Swoosie
1153;Byrne, David
1154;Mori, Masayuki
1155;Kyô, Machiki
1156;Mizoguchi, Kenji
1157;Ladd, Diane
1158;Cohen, Martin B.
1159;Howard, Arliss
1160;Lahti, Christine
1161;Badham, John
1162;Hirsch, Judd
1163;Nimoy, Leonard
1164;Landers, Audrey
1165;Most, Donald
1166;Landers, Judy
1167;Blancato, Ken
1168;Dillon, Matt
1169;Lane, Diane
1170;Bolt, Ben
1171;Howell, C. Thomas
1172;Finch, Charles
1173;Hill, Walter
1174;Lange, Jessica
1175;Hackford, Taylor
1176;Wilson, Whip
1177;Larson, Christine
1178;Laure, Carole
1179;Gable, Christopher
1180;Lawson, Twiggy
1181;Seagal, Steven
1182;LeBrock, Kelly
1183;Malmuth, Bruce
1184;Leigh, Janet
1185;Sternberg, Josef von
1186;Neidorf, David
1187;Leigh, Jennifer Jason
1188;Stockwell, John
1189;Leigh, Vivien
1190;Lewis, Charlotte
1191;Lisi, Virna
1192;Amateau, Rod
1193;Lattuada, Alberto
1194;Lloyd, Emily
1195;Lloyd, Rosalind
1196;McLaglen, Andrew V.
1197;Locke, Sondra
1198;Barry, Michael
1199;Townsend, Robert
1200;Lockwood, Margaret
1201;Peck, Bob
1202;Logan, Phyllis
1203;Hook, Harry
1204;Terry-Thomas
1205;Lohr, Marie
1206;Armstrong, Robert
1207;Lombard, Carole
1208;Higgin, Howard
1209;Montgomery, Robert
1210;Francois Cluzet
1211;Lonette McKee
1212;Rayfield, David
1213;Long, Shelley
1214;Hanson, Curtis
1215;Boothe, Powers
1216;Longstreth, Emily
1217;Glatter, Lesli Linka
1218;Nichol, Robin
1219;Lords, Traci
1220;Dell, Stewart
1221;Donahue, Troy
1222;Freed, Mark
1223;Loren, Sophia
1224;Hough, John
1225;Boyd, Stphen
1226;Mann, Anthony
1227;Mann, Delbert
1228;Sordi, Alberto
1229;Mattoli, Mario
1230;Railsback, Steve
1231;Sagal, Boris
1232;Scola, Ettore
1233;Wertmuller, Lina
1234;Gavin, John
1235;Loggia, Robert
1236;Peppard, George
1237;Williams, Billy Dee
1238;Allen, Bill
1239;Loughlin, Lori
1240;Love, Suzanna
1241;Lommel, Ulli
1242;Loy, Myrna
1243;Lugosi, Bela
1244;Beaudine, William
1245;Lunghi, Cherie
1246;Belushi, Jim
1247;Lynch, Kelly
1248;Hughes, John
1249;Mason, James
1250;Lyon, Sue
1251;Spader, James
1252;MacDowell, Andie
1253;Soderbergh, Steven
1254;Weir, Peter
1255;Muzzcat, Paul
1256;MacKenzie, Jan
1257;MacLaine, Shirley
1258;Brooks, James L.
1259;Booth, James
1260;McGrath, Joseph
1261;Z'Dar, Robert
1262;MacLaren, Fawna
1263;MacMahon, Aline
1264;Howard, William K.
1265;Madonna
1266;De Winter, Harry
1267;Keshishian, Alek
1268;Pattnosh, Jeremy
1269;Lewicki, Steven Jon
1270;White, Vanna
1271;Madsen, Virginia
1272;Dinner, Michael
1273;Sheffer, Craig
1274;Gibbins, Duncan
1275;Johnson, Don
1276;Noel, Magali
1277;Maggio, Pupella
1278;Connery, Jason
1279;Maneri, Luisa
1280;Martino, Sergio
1281;Manz, Linda
1282;Mara, Adele
1283;Marcovicci, Andrea
1284;Markham, Kika
1285;Loncraine, Richard
1286;Crawford, Broderick
1287;Masina, Guilietta
1288;Mason, Marsha
1289;Divine
1290;Massey, Edith
1291;Costner, Kevin
1292;Mastrantonio, Mary Elizabeth
1293;Donaldson, Roger
1294;Matlin, Marlee
1295;Haines, Randa
1296;Maura, Carmen
1297;Rotaeta, Félix
1298;Carradine, Keith
1299;Maynard, Mimi
1300;Mayo, Virginia
1301;Kotto, Yaphet
1302;McClanahan, Rue
1303;Sherman, Gary
1304;Benson, Robby
1305;Carlyle, Robert
1306;McCourt, Emer
1307;Loach, Ken
1308;McCrea, Jody
1309;Lanza, Anthony M.
1310;McDonnell, Mary
1311;Jones, James Earl
1312;Sayles, John
1313;McDormand, Frances
1314;Parker, Alan
1315;McGee, Vonetta
1316;Shea, John
1317;McGillis, Kelly
1318;Barbash, Uri
1319;Weller, Peter
1320;Ferrera, Abel
1321;Coulson, Bernie
1322;Kaplan, Jonathan
1323;Kotcheff, Ted
1324;Hutton, Timothy
1325;Rudolph, Alan
1326;Daniels, Jeff
1327;McGovern, Elizabeth
1328;Benjamin, Richard
1329;Brickman, Marshall
1330;Hughes, Kevin Bacon
1331;McGuire, Dorothy
1332;Stevens, George
1333;Dalton, Timothy
1334;McTeer, Janet
1335;Melato, Mariangela
1336;Bergman, Andrew
1337;Douglas, Kirk
1338;Menjou, Adolphe
1339;Mercouri, Melina
1340;Dassin, Jules
1341;Meredith, Lee
1342;Mason, Jackie
1343;Merrill, Dina
1344;Arkush, Allan
1345;Metcalf, Laurie
1346;Figgis, Mike
1347;Snipes, Wesley
1348;Michael Michele
1349;Van Peebles, Mario
1350;Midler, Bette
1351;Hayman, David
1352;Miles, Sarah
1353;Mitchum, Robert
1354;Lean, David
1355;Sarafian, Richard C.
1356;Miles, Vera
1357;Miller, Penelope Ann
1358;Reubens, Paul
1359;Kleiser, Randal
1360;Mimieux, Yvette
1361;Pal, George
1362;Grey, Joel
1363;Minnelli, Liza
1364;Fosse, Bob
1365;Gordon, Steve
1366;Minnelli, Vincente
1367;Englund, Robert
1368;Minter, Kelly Jo
1369;Mirren, Helen
1370;Haggard, Piers
1371;Cage, John
1372;Monk, Meredith
1373;Greenaway, Peter
1374;Hayden, Sterling
1375;Monroe, Marilyn
1376;Garr, Eddie
1377;Karlson, Phil
1378;Negulesco, Jean
1379;Bogart, Humphrey
1380;Candy, John
1381;Moore, Demi
1382;Aykroyd, Dan
1383;Estevez, Emilio
1384;Holland, Savage Steve
1385;Cryer, Jon
1386;Schatzberg, Jerry
1387;Zucker, Jerry
1388;Lowe, Rob
1389;Zwick, Edward
1390;Moore, Mary Tyler
1391;Moore, Terry
1392;Lewis, Joseph H.
1393;Mann, Daniel
1394;Moreau, Jeanne
1395;Fraker, William A.
1396;Mori, Paola
1397;Keith, David
1398;Moriarty, Cathy
1399;Cammell, Donald
1400;Mostel, Zero
1401;Brooks, Mel
1402;Annese, Frank
1403;Moyer, Tawny
1404;Gold, Greg
1405;Biehn, Michael
1406;Mueller, Maureen
1407;Bowser, Kenneth
1408;Muldaur, Diana
1409;Munson, Ona
1410;Vorhaus, Bernard
1411;Muti, Ornella
1412;Deruddere, Dominique
1413;Natwick, Mildred
1414;Forsythe, John
1415;Von Bergan, Raven
1416;Navarro, Monica
1417;Marder, Bruce
1418;Neal, Patricia
1419;Brenner, Barry
1420;Neely, Gail
1421;George, Peter
1422;Negami, Jun
1423;Whaley, Frank
1424;Negoda, Natalya
1425;Neil, Hildegard
1426;Dearden, Basil
1427;Neilson, Catherine
1428;Nelligan, Kate
1429;Hoxie, Jack
1430;Nelson, Evelyn
1431;Bradbury, Robert N.
1432;Newman, Laraine
1433;Weis, Gary
1434;Nichols, Nichelle
1435;Shatner, William 
1436;Metzler, Jim
1437;Nicholson, Dana W.
1438;Lovy, Steven
1439;Nielsen, Brigitte
1440;Cosmatos, George P.
1441;Olin, Stig
1442;Nilsson, Maj-Britt
1443;Nolan, Jeanette
1444;Novak, Kim
1445;Katzur, Yftach
1446;Noy, Zachi
1447;Bennett, Walter
1448;O'Brien, Pat
1449;Reis, Irving
1450;O'Day, Nell
1451;Power, Tyrone
1452;O'Hara, Maureen
1453;Laughton, Charles
1454;Sherman, George
1455;Olin, Lena
1456;Olson, Nancy
1457;Ludwig, Edward
1458;O'Herlihy, Michael
1459;O'Malley, Pat
1460;Benedek, Laslo
1461;Brisson, Carl
1462;Ondra, Anny
1463;O'Neal, Tatum
1464;Forbes, Bryan
1465;Lack, Stephen
1466;O'Neill, Jennifer
1467;Price, Marc
1468;Orgolini, Lisa
1469;Smith, Charles Martin
1470;Nolte, Nick
1471;O'Toole, Annette
1472;Page, Geraldine
1473;Masterson, Peter
1474;Palmer, Betsy
1475;Papas, Irene
1476;Costa-Gavras
1477;Wilby, James
1478;Parfitt, Judy
1479;Ivory, James
1480;Williamson, Nicol
1481;Richardson, Tony
1482;Karyo, Tcheky
1483;Parillaud, Anne
1484;Parker, Sarah Jessica
1485;Edwards, Anthony
1486;Taylor, Dan
1487;Parkins, Barbara
1488;Hunt, Peter R.
1489;Majors, Lee
1490;Parton, Dolly
1491;Naughton, David
1492;Paul, Alexandra
1493;Pasdar, Adrian
1494;Peck, Cecilia
1495;Fisher, Jack
1496;Nelson, Judd
1497;Perkins, Elizabeth
1498;Clark, Bob
1499;DeVito, Danny
1500;Perlman, Rhea
1501;Reid, Christopher
1502;Perrine, Valerie
1503;Clement, Dick
1504;Peters, Bernadette
1505;Reiner, Carl
1506;Peyser, Penny
1507;Compton, Richard
1508;Pfeiffer, Michelle
1509;Caulfield, Maxwell
1510;Birch, Patricia
1511;Modine, Matthew
1512;Broderick, Matthew
1513;Kloves, Steve
1514;Landis, John
1515;Towne, Robert
1516;Morrow, Vic
1517;Phillips, Michelle
1518;Oates, Warren
1519;Jacobi, Derek
1520;Pickering, Sarah
1521;Edzard, Christine
1522;Rogers, Charles
1523;Pickford, Mary
1524;Frid, Jonathan
1525;Pickles, Christina
1526;Pigg, Alexandra
1527;Donahue, Tony
1528;Pleshette, Suzanne
1529;Hill, Bernard
1530;Plowright, Joan
1531;Stamos, John
1532;Polo, Teri
1533;Baker, Graham
1534;Selleck, Tom
1535;Porizkova, Paulina
1536;Smits, Jimmy
1537;Post, Markie
1538;Harrison, Gregory
1539;Powers, Alexandra
1540;Stern, Sandor
1541;Powers, Stefanie
1542;Doran, Johnny
1543;Prager, Sally
1544;Cook, Fielder
1545;Prentiss, Paula
1546;Donner, Clive
1547;Nielsen, Leslie
1548;Presley, Priscilla
1549;Zucker, David
1550;Race, Hugo
1551;Press, Santha
1552;Tatoulis, Colin South, John
1553;Preston, Kelly
1554;Reitman, Ivan
1555;Travolta, John
1556;Thomas, Dave
1557;Lucking, William
1558;Principal, Victoria
1559;Colla, Richard A.
1560;Rachins, Allan
1561;Purcell, Lee
1562;Scheerer, Robert
1563;Read, James
1564;Purl, Linda
1565;Questel, Mae
1566;Robb, David
1567;Quinlan, Kathleen
1568;Patterson, Willi
1569;Manesse, Gaspard
1570;Racette, Francine
1571;Raines, Cristina
1572;Rossi, Franco
1573;Ralston, Vera
1574;Waggner, George
1575;Rampling, Charlotte
1576;Smith, Bubba
1577;Ramsey, Marion
1578;Bonerz, Peter
1579;Gaynes, George
1580;Myerson, Alan
1581;Guttenberg, Steve
1582;Paris, Jerry
1583;Hopkins, Linda
1584;Redd, Vi
1585;Fonda, Vanessa
1586;Redgrave, Jane
1587;Redgrave, Vanessa
1588;Reed, Donna
1589;Segal, Alex
1590;Reed, Pamela
1591;Spottiswoode, Roger
1592;Reid, Kate
1593;Schlöndorff, Volker
1594;Reynolds, Debbie
1595;Luckinbill, Laurence
1596;Richards, Elizabeth
1597;Richardson, Miranda
1598;Richardson, Natasha
1599;Schrader, Paul
1600;Lazenby, George
1601;Rigg, Diana
1602;Ringwald, Molly
1603;Deutch, Howard
1604;Ritter, Tex
1605;Gauthier, Vincent
1606;Riviere, Marie
1607;Rohmer, Eric
1608;Robbins, Laila
1609;Roberts, Julia
1610;Sutherland, Kiefer
1611;Schumacher, Joel
1612;Robinson, Frances
1613;Astaire, Fred
1614;Rogers, Ginger
1615;Rogers, Mimi
1616;Cimino, Michael
1617;Keaton, Michael
1618;Taylor, Baz
1619;Granger, Farley
1620;Roman, Ruth
1621;Totten, Robert
1622;De Young, Cliff
1623;Rose, Jamie
1624;Morneau, Louis
1625;Ross, Katharine
1626;Cooper, Jackie
1627;Rossellini, Isabella
1628;Danson, Ted
1629;Carmet, Jean
1630;Rouvel, Catherine
1631;Annaud, Jean-Jacques
1632;Rowlands, Gena
1633;Benigni, Roberto
1634;Boyce, Alan
1635;Rubin, Jennifer
1636;Silver, Marisa
1637;Ruehl, Mercedes
1638;Pryor, Richard
1639;Phillips, Maurice
1640;Rush, Barbara
1641;Garrett, Leif
1642;Russell, Betsy
1643;Quinn, John
1644;Hudson, Ernie
1645;Russell, Gail
1646;Grant, James Edward
1647;Fahey, Jeff
1648;Russell, Theresa
1649;Oldman, Gary
1650;Russo, Rene
1651;Rutherford, Ann
1652;Rutherford, Margaret
1653;Ryan, Meg
1654;Patrick, John
1655;Kilmer, Val
1656;Ryder, Winona
1657;Abrahams, Jim
1658;Saint, Eva Marie
1659;Bogart, Paul
1660;Preminger, Otto
1661;Ogata, Ken
1662;Sakamoto, Sumiko
1663;Imamura, Shohei
1664;Sheen, Martin
1665;Salt, Jennifer
1666;Capolicchio, Lino
1667;Sanda, Dominique
1668;Haines, Fred
1669;Clementi, Pierre
1670;Sandrelli, Stefania
1671;Santoni, Reni
1672;Sara, Mia
1673;Sarandon, Susan
1674;Jordan, Glenn
1675;Palcy, Euzhan
1676;Gray, Charles
1677;Sharman, Jim
1678;Tikhonov, Vyacheslav
1679;Savelyeva, Lyudmila
1680;Bondarchuk, Sergei
1681;Elliott, Denholm
1682;Scacchi, Greta
1683;Scales, Prunella
1684;Pullman, Bill
1685;Schaal, Wendy
1686;Travis, Mark W.
1687;Scharf, Sabrina
1688;Schneider, Maria
1689;Antonioni, Michelangelo
1690;Singer, Marc
1691;Schrage, Lisa
1692;Gillard, Stuart
1693;Loos, Theodor
1694;Schön, Margarete
1695;Scott, Brenda
1696;Wendkos, Paul
1697;Reinhold, Judge
1698;Seymour, Jane
1699;Finkleman, Ken
1700;Rey, Fernando
1701;Seyrig, Delphine
1702;Bunuel, Luis
1703;Sheedy, Ally
1704;Manning, Michelle
1705;Rosenthal, Rick
1706;O'Keefe, Michael
1707;Shelley, Carole
1708;Bottoms, Timothy
1709;Shepherd, Cybill
1710;Hessman, Howard
1711;Shields, Brooke
1712;Hewitt, Martin
1713;Zeffirelli, Franco
1714;Shire, Talia
1715;Shue, Elisabeth
1716;Homolka, Oskar
1717;Sidney, Sylvia
1718;Youb, Samy Ben
1719;Signoret, Simone
1720;Mizrahi, Moshe
1721;Berle, Milton
1722;Sills, Beverly
1723;Simmons, Jean
1724;Sinclair, Madge
1725;Poitier, Sidney
1726;Skala, Lilia
1727;Glover, Crispin
1728;Skye, Ione
1729;Hunter, Tim
1730;Slater, Helen
1731;Fox, Michael J.
1732;Kroner, Josef
1733;Slivoka, Hana
1734;Kadar, Jan
1735;Smith, Madolyn
1736;Hoskins, Bob
1737;Smith, Maggie
1738;Clayton, Jack
1739;Smith, Yeardley
1740;King, Stephen
1741;Snodgress, Carrie
1742;Birney, Meredith Baxter
1743;Snow, Victoria
1744;Wharmby, Tony
1745;Sterling, Alexandre
1746;Snowden, Jane
1747;Hutchinson, Jeff
1748;Solari, Suzanne
1749;Jackson, Donald G
1750;Sommer, Elke
1751;Whitman, Stuart
1752;Lemmon, Jack
1753;Spacek, Sissy
1754;Bond, Steve
1755;Speir, Dona
1756;Moss, Ronn
1757;St. John, Jill
1758;Stanwyck, Barbara
1759;Green, Alfred E.
1760;Mate, Rudolph
1761;Ameche, Don
1762;Stapleton, Maureen
1763;Steadman, Alison
1764;Morahan, Christopher
1765;Steenburgen, Mary
1766;Sternhagen, Frances
1767;Stevens, Inger
1768;Stone, Sharon
1769;Verhoeven, Paul
1770;Stowe, Madeleine
1771;Rhys-Davies, John
1772;Strain, Julie
1773;Ouellette, Jean-Paul
1774;Strasberg, Susan
1775;Corman, Roger
1776;Streep, Meryl
1777;Brooks, Albert
1778;Grosbard, Ulu
1779;Kline, Kevin
1780;Reisz, Karel
1781;Dance, Charles
1782;Begley, Ed, Jr.
1783;Zemeckis, Robert
1784;Whyatt, Robin
1785;Streisand, Barbra
1786;Patinkin, Mandy
1787;Travanti, Daniel J.
1788;Stubbs, Imogen
1789;Towns, Philip Saville
1790;Zushi, Yoshitaka
1791;Sugai, Kin
1792;Sukowa, Barbara
1793;Sullavan, Margaret
1794;Cromwell, John
1795;O'Keeffe, Miles
1796;Sutton, Emma
1797;Weeks, Stephen
1798;Svedlund, Doris
1799;Freeman, Morgan
1800;Tandy, Jessica
1801;Ramer, Henry
1802;Taylor, Elizabeth
1803;Antonio, Lou
1804;Clift, Montgomery
1805;Bannen, Ian
1806;Griffi, Giuseppe Patroni
1807;Hutton, Brian G.
1808;Losey, Joseph
1809;Cariou, Len
1810;Prince, Harold
1811;Hudson, Rock
1812;Dysart, Richard A.
1813;Trikonis, Gus
1814;Wilcox, Fred M
1815;Cooper, Gary
1816;Fisher, Eddie
1817;Johnson, Van
1818;Dix, Richard
1819;Taylor, Estelle
1820;Ruggles, Wesley
1821;Bridges, Lloyd
1822;Taylor, Joan
1823;Webb, John
1824;Taylor, Karen
1825;Moses, William
1826;Taylor, Lili
1827;Petrie, Donald
1828;Phoenix, River
1829;Savoca, Nancy
1830;Rex the Wonder Horse
1831;Taylor, Norma
1832;Beebe, Ford
1833;Morrow, Carl
1834;Taylor, Victoria
1835;Wimhurst, Jolyon
1836;Newhart, Bob
1837;Taylor-Young, Leigh
1838;Temple, Shirley
1839;Romero, Cesar
1840;Busker, Ricky
1841;Thayer, Brynn
1842;Mandel, Robert
1843;Strouse, Nocholas
1844;Thompson, Andrea
1845;Matthau, Charles
1846;Thompson, Lea
1847;Walsh, M. Emmet
1848;Thulin, Ingrid
1849;Ticotin, Rachel
1850;Apted, Michael
1851;Tilton, Charlene
1852;Todd, Beverly
1853;Towers, Constance
1854;Holden, William
1855;Trevor, Claire
1856;Marshall, George
1857;Turner, Kathleen
1858;Couturie, Bill
1859;Teague, Lewis
1860;Zemeckis, Robert 
1861;Turner, Lana
1862;Farrow, John
1863;Primus, Barry
1864;Tweed, Shannon
1865;Lawton, J.F.
1866;Jackson, Barry
1867;Tyzack, Margaret
1868;Battersby, Roy
1869;Dullea, Keir
1870;Ullman, Liv
1871;Dembo, Richard
1872;Umeki, Miyoshi
1873;Logan, Joshua
1874;Ure, Mary
1875;Hulton, Brian G.
1876;Ursitti, Susan
1877;Davi, Robert
1878;Vaananen, Kari
1879;Kaurismäki, Mika
1880;Wagner, Lindsay
1881;Valberg, Brigitta
1882;Brogi, Giulio
1883;Valli, Alida
1884;Walter, Jessica
1885;Danza, Tony
1886;Kronsberg, Jeremy Joe
1887;Van Fleet, Jo
1888;Bergman, Peter
1889;Van Valkenburgh, Deborah
1890;Plone, Allen
1891;Ganus, Paul
1892;Ward, Megan
1893;Patric, Jason
1894;Ward, Rachel
1895;Rowe, Nicholas
1896;Ward, Sophie
1897;Warner, Julie
1898;Caton-Jones, Michael
1899;Coyote, Peter
1900;Warren, Lesley Ann
1901;Roth, Bobby
1902;Weaver, Sigourney
1903;Dutton, Charles
1904;Fincher, David
1905;Perlman, Ron
1906;Jeunet, Jean-Pierre
1907;Vigne, Daniel
1908;Wedgeworth, Ann
1909;Flicker, Theodore J.
1910;Moriarty, Michael
1911;Hancock, John D.
1912;Buchholz, Horst
1913;Welch, Raquel
1914;De Filippo, Eduardo
1915;Cook, Peter
1916;Fleischer, Richard
1917;Dukes, David
1918;Coburn, James
1919;Borgnine, Ernest
1920;Jones, Tom
1921;Venora, Diane
1922;Halop, Florence
1923;Verdugo, Elena
1924;LeFlore, Julius
1925;Verrell, Cec
1926;West, Judi
1927;Wilder, Billy
1928;Winninger, Charles
1929;Whelan, Arleen
1930;Keach, Stacy
1931;White, Carol
1932;Whitelaw, Billie
1933;Yorkin, Bud
1934;Sheen, Charlie
1935;Whitton, Margaret
1936;Ward, David S.
1937;Wiest, Dianne
1938;Falk, Peter
1939;Williams, Cindy
1940;Lamas, Fernando
1941;Williams, Esther
1942;Walters, Charles
1943;Williams, JoBeth
1944;Serious, Yahoo
1945;Wilson, Pee-Wee
1946;Windsor, Marie
1947;Garfield, John David
1948;Wing, Virginia
1949;Wolfe, Donald
1950;Winger, Debra
1951;Stroud, Don
1952;Winters, Shelley
1953;Heisler, Stuart
1954;Hellman, Oliver
1955;Sweeney, D. B.
1956;Wolf, Kelly
1957;Madsen, Kenneth
1958;Volonte, Gian Maria
1959;Leone, Sergio
1960;Von Zerneck, Danielle
1961;Betnel, Jonathan
1962;Wood, Natalie
1963;Neame, Ronald
1964;Dean, James
1965;Beymer, Richard
1966;Dallesandro, Joe
1967;Woodlawn, Holly
1968;Morrissey, Paul
1969;Woodward, Joanne
1970;Olson, James
1971;Wright, Robin
1972;Wright, Teresa
1973;Wilding, Michael
1974;Wyman, Jane
1975;York, Susannah
1976;Miles, Christopher
1977;Young, Gig
1978;Simon, S. Sylvan
1979;Young, Karen
1980;William, Warren
1981;Young, Loretta
1982;Zetterling, Mai
1983;Fisher, Jasen
1984;Paar, Jack
1985;Allen, Craig
1986;Anderson, Michael
1987;Annakin, Ken
1988;Van Damme, Jean-Claude
1989;Arnold, Newt
1990;Gilbert, Taylor
1991;Aslanian, Samson
1992;August, Bille
1993;Becker, Harold
1994;Lone, John
1995;Rulu, Francesco
1996;Jolivet, Pierre
1997;Bogner, Willy
1998;Boulting, John
1999;Malden, Karl
2000;Cannon, Raymond
2001;Carlsen, Henning
2002;Chaplin, Charles
2003;Marchand, Henri
2004;Clair, Rene
2005;Winstone, Ray
2006;Clegg, Tom
2007;Wilkinson, June
2008;Karloff, Boris
2009;Price, Vincent
2010;Hampton, Paul
2011;Dale, Cynthia
2012;Astin, John
2013;De Bello, John
2014;Wilson, George
2015;Jalenak, Jan
2016;Degas, Andre
2017;Hasselhoff, David
2018;Di Leo, Mario
2019;Kiley, Richard
2020;Kennedy, Leon Isaac
2021;Fanaka, Jamaa
2022;Mills, John
2023;Hale, Monte
2024;Ford, Philip
2025;Lane, Allan
2026;Vostrcil, Jan
2027;Forsyth, Bill
2028;Stockwell, Dean
2029;Gower, Bruce
2030;Graef, Roger
2031;Guest, Val
2032;Akan, Tarik
2033;Guney, Yilmaz
2034;Hardy, Rod
2035;Muir, Gavin
2036;Harrington, Curtis
2037;Hellman, Monte
2038;Heyes, Douglas
2039;Donat, Robert
2040;Milland, Ray
2041;Pilbeam, Nova
2042;Elam, Jack
2043;Houck, Joy, Jr.
2044;Cross, Ben
2045;Hudson, Hugh
2046;Hughes, Terry
2047;Irvin, John
2048;Jackson, Mick
2049;Reynolds, Paul
2050;Jarman, Derek
2051;Waits, Tom
2052;Waterston, Sam
2053;Ford, Terence
2054;Jones, Chris
2055;Kalatozov, Mikhail
2056;Kellogg, Ray
2057;English, Doug
2058;Kennedy, Burt
2059;Slaughter, Tod
2060;King, George
2061;McDowell, Malcolm
2062;Fujita, Susumu
2063;Hara, Setsuko
2064;Mifune, Toshiro
2065;Nakadai, Tatsuya
2066;Shimura, Takashi
2067;Berlin, Tom
2068;Abel, Alfred
2069;De Vogy, Carl
2070;Klein-Rogge, Rudolf
2071;Washington, Denzel
2072;Ford, Seamus
2073;Lennon, Biddy W.
2074;Leo, Malcolm
2075;King, Perry
2076;Lester, Mark L.
2077;Harris, Richard
2078;Lloyd, Frank
2079;Walker, Robert, Jr.
2080;Lucidi, Maurizio
2081;Ludman, Larry
2082;Wayne, John Ethan
2083;Nance, John
2084;Guinness, Alec
2085;Mackendrick, Alexander
2086;MacNaughton, Ian
2087;Crowley, Pat
2088;McEveety, Vincent
2089;McGann, William
2090;Neckar, Vaclav
2091;Menzel, Jiri
2092;Miller, David
2093;Mischer, Don
2094;Nelson, Gary
2095;Newell, Mike
2096;Jarratt, John
2097;Nicholson, Arch
2098;Newman, Barry
2099;Nigh, William
2100;Firth, Colin
2101;O'Connor, Pat
2102;Conlon, Tim
2103;Oliver, Ron
2104;Owen, Cliff
2105;Patterson, Richard
2106;Peckinpah, Sam
2107;Penn, Leo
2108;Perier, Etienne
2109;Petrie, Daniel
2110;Pontecorvo, Gillo
2111;Pyun, Albert
2112;Quine, Richard
2113;Martin, Pepper
2114;Quisenberry, Byron
2115;Lint, Derek De
2116;Rademakers, Fons
2117;Reed, Jerry
2118;Roger-Pierre
2119;Grimes, Gary
2120;Robinson, John Mark
2121;Taylor, Cecil
2122;Rochlin, Sheldon
2123;Hubley, Whip
2124;Sanger, Jonathan
2125;Ogier, Bulle
2126;Boys, The Fat
2127;Schultz, Michael
2128;Keillor, Garrison
2129;Sevush, Herb
2130;Schultz, Dwight
2131;Sholder, Jack
2132;Siodmak, Robert
2133;Smight, Jack
2134;Weaver, Dennis
2135;Stevens, George, Jr.
2136;Hanson, Lars
2137;Stiller, Mauritz
2138;Breck, Peter
2139;Strock, Herbert L.
2140;Stuart, Mel
2141;Szwarc, Jeannot
2142;Taurog, Norman
2143;Taylor, Gavin
2144;Gazzara, Ben
2145;Jones, Buck
2146;LaRue, Lash
2147;Cassidy, David
2148;Taylor, Roderick
2149;Thomas, Gerald
2150;Tourneur, Jacques
2151;Wajda, Andrzej
2152;Veber, Francis
2153;Richard, Pierre
2154;Vogler, Rudiger
2155;Werner, Peter
2156;Benny, Jack
2157;Everett, Rupert
2158;Foran, Dick
2159;Ford, Montgomery
2160;Gielgud, John
2161;Kelly, Gene
2162;Leno, Jay
2163;Lowe, Patrick
2164;Mandel, Howie
2165;Marsalis, Branford
2166;Matheson, Tim
2167;Moranis, Rick
2168;Naschy, Paul
2169;Pennington, J. P.
2170;Reagan, Ronald
2171;Rosa, Robby
2172;Tamblyn, Russ
2173;Taylor, Dub
2174;Taylor, James
2175;Taylor, Kent
2176;Walker, Clint
