id;name;birthdate
0;Antonio Banderas;1965-04-26
1;Victoria Abril;2001-12-09
2;Pedro Almodóvar;1999-05-11
3;Miguel Bosé;1974-07-11
4;Christopher Walken;1951-03-26
5;Brooke Adams;1992-03-28
6;David Cronenberg;1962-07-24
7;Sean Connery;1992-04-01
8;Richard Lester;2009-04-07
9;Richard Gere;1942-06-28
10;Terrence Malick;1997-01-18
11;Roger Moore;1948-12-08
12;Maud Adams;1957-07-02
13;John Glen;1998-09-11
14;Chuck Connors;1960-08-23
15;José Antonio de la Loma;1941-06-14
16;Robert D. Bergen;1957-09-14
17;Trudy Adams;2002-09-13
18;Beverly Sebastian;1999-03-06
19;Christopher Lambert;1984-04-26
20;Isabelle Adjani;1955-11-20
21;Luc Besson;1951-08-26
22;Gérard Depardieu;1964-02-15
23;Bruno Nuytten;1954-05-09
24;Börje Ahlstedt;1943-06-04
25;Kristina Adolphson;1980-10-27
26;Ingmar Bergman;1976-04-13
27;Ugo Tognazzi;1952-09-12
28;Anouk Aimee;1997-07-15
29;Bernardo Bertolucci;1955-09-03
30;Jean-Louis Trintignant;2007-04-27
31;Claude Lelouch;1941-02-24
32;Hector Alterio;1996-03-20
33;Norma Aleandro;1977-05-19
34;Luiz Puenzo;2003-06-19
35;Anthony Hopkins;1963-09-28
36;Denise Alexander;1969-03-26
37;Buzz Kulik;1955-10-25
38;John Longden;1977-09-26
39;Sara Algood;1990-02-17
40;Alfred Hitchcock;1978-09-22
41;John Wayne;1981-05-08
42;Elizabeth Allen;2005-07-11
43;John Ford;1986-05-27
44;Jeff Bridges;1984-03-05
45;Joan Allen;1987-08-06
46;Francis Ford Coppola;1987-11-26
47;Bill Murray;1941-09-09
48;Karen Allen;1981-04-06
49;Richard Donner;1966-06-17
50;Harrison Ford;1975-05-23
51;Steven Spielberg;1992-10-07
52;Arnold Schwarzenegger;1977-06-04
53;Maria Conchita Alonso;1975-05-11
54;Paul Michael Glaser;1961-05-11
55;Danny Glover;2002-09-18
56;Stephen Hopkins;2006-11-02
57;Sean Penn;1970-06-08
58;Dennis Hopper;1981-11-01
59;Nicolas Cage;1993-03-07
60;Erika Anderson;2000-03-26
61;Sam Pillsbury;1955-05-15
62;Kevin Anderson;1995-07-05
63;Jo Anderson;1953-11-02
64;Gary Sinise;1980-10-27
65;Glenn Ford;1944-04-26
66;Melissa Sue Anderson;2007-03-14
67;J. Lee Thompson;1988-04-21
68;Gil Gerard;1996-04-28
69;Melody Anderson;1953-03-14
70;Steven Hilliard Stern;2003-05-03
71;Paul Newman;1949-03-24
72;Bibi Andersson;1968-03-12
73;Robert Altman;2004-07-04
74;Jarl Kulle;1981-10-02
75;Victor Sjöström;1953-11-21
76;Max von Sydow;1954-01-26
77;Rod Taylor;1942-09-08
78;Gunnar Björnstrand;1997-03-11
79;Harriet Andersson;1994-10-16
80;Erland Josephson;1966-04-23
81;Eiko Ando;1942-11-02
82;John Huston;1962-05-26
83;David Niven;1952-03-22
84;Ursula Andress;1954-05-21
85;Ken Hughes;1942-06-27
86;Terence Young;1977-06-02
87;Peter Finch;1976-06-23
88;Dana Andrews;2001-06-25
89;Dudley Moore;1971-05-28
90;Julie Andrews;1962-04-21
91;Blake Edwards;1963-07-20
92;Burt Reynolds;1949-04-23
93;George Roy Hill;1968-08-16
94;Alan Bates;1967-05-21
95;Andrei Konchalovsky;1954-05-01
96;Christopher Plummer;1988-06-14
97;Robert Wise;1993-10-17
98;John Cleese;1952-03-19
99;Paule Annen;1972-09-03
100;Alan Alda;1994-09-23
101;Ann-Margret;2008-05-21
102;Richard Attenborough;1950-06-15
103;Roger Daltry;1957-04-02
104;Ken Russell;2004-03-16
105;Richard Dreyfuss;1972-09-03
106;Susan Anspach;1967-07-11
107;Jeremy Paul Kagan;1963-11-09
108;Lukas Haas;2009-11-04
109;Vanessa Aquino;1998-12-21
110;Sterling Vanwagenen;1960-09-06
111;Michael Douglas;1972-01-03
112;Anne Archer;2003-10-12
113;Adrian Lyne;1992-06-23
114;Phillip Noyce;1969-04-24
115;Fanny Ardant;2001-05-05
116;François Truffaut;1944-02-13
117;John Savage;1964-06-15
118;Kerry Armstrong;1967-02-15
119;Frank Howson;1991-09-15
120;Robert Taylor;1961-02-19
121;Desi Arnaz;1967-11-02
122;Paul Richter;1992-03-20
123;Gertrud Arnold;2010-09-07
124;Fritz Lang;1948-12-25
125;Michael Rooker;1992-03-03
126;Tracy Arnold;2002-10-13
127;Jean-Marc Barr;1977-06-25
128;Rosanna Arquette;1962-04-18
129;John Milius;1955-12-11
130;Eric Roberts;1961-10-24
131;Evelyn Purcell;2007-10-14
132;Griffin Dunne;1997-10-26
133;Martin Scorsese;1988-02-25
134;Aidan Quinn;2001-10-21
135;Susan Seidelman;1975-06-18
136;Walter Matthau;1955-05-08
137;Rose Arrick;1989-11-06
138;Elaine May;1953-05-13
139;Gregoire Aslan;1992-11-18
140;Richard Thorpe;1950-05-02
141;John Barrymore;1993-04-11
142;Mary Astor;1978-01-19
143;Alan Crosland;1944-09-20
144;Jean-Philippe LaFont;1977-08-24
145;Stéphane Audran;1957-11-17
146;Gabriel Axel;1981-11-08
147;Yves Montand;2007-05-28
148;Claudine Auger;1982-11-06
149;Terrence Young;1962-01-05
150;Arthur Chesney;1949-11-25
151;Marie Ault;1940-06-03
152;Peter Ustinov;1942-04-20
153;Lauren Bacall;1995-06-10
154;Michael Winner Donaggio;1980-10-21
155;Martin Balsam;2005-09-26
156;Sidney Lumet;1966-02-08
157;William Wellman;1954-11-23
158;Barbara Bach;1977-09-28
159;Lewis Gilbert;1967-03-18
160;David Palfy;1986-08-25
161;Stacy Christensen Bahtia;1941-09-02
162;David Winning;2005-07-24
163;Carroll Baker;1994-01-12
164;Richard Roundtree;1983-12-17
165;Dawn Baker;2009-03-08
166;Al Bradley;1953-11-26
167;David Thewlis;2004-04-02
168;Fairuza Balk;1961-03-10
169;John Frankenheimer;1993-09-24
170;Anne Bancroft;1962-07-16
171;David Jones;2009-04-28
172;David Lynch;1961-06-02
173;Billy Jacoby;1950-05-17
174;Olivia Barash;1952-08-20
175;David DeCoteau;1950-09-22
176;Hal Holbrook;1973-01-16
177;Adrienne Barbeau;1952-12-25
178;George A. Romero;1984-01-13
179;Ayub Khan Din;1953-07-24
180;Frances Barber;1986-11-01
181;Stephen Frears;1970-06-08
182;Arthur Brauss;1983-03-19
183;Maria Bardischewski;1996-10-04
184;Wim Wenders;1944-09-24
185;Daniel Gelin;1953-03-10
186;Brigitte Bardot;2010-11-23
187;Marc Allegret;1949-09-19
188;Maurice Ronet;1990-01-05
189;Jean Aurel;1963-01-18
190;Jean Bretonniere;1970-11-17
191;Michel Boisrond;1975-03-15
192;Henri Vidal;1975-07-27
193;Laurent Terzieff;1988-08-05
194;Serge Bourguignon;1965-02-18
195;Edward Dmytryk;2009-04-14
196;Jack Palance;1957-12-04
197;Jean-Luc Godard;2001-01-18
198;Billy Mumy;1940-07-06
199;Henry Koster;1945-09-28
200;Marcello Mastroianni;2007-09-10
201;Louis Malle;1978-04-28
202;Anthony Perkins;2009-12-12
203;Edouard Molinaro;1985-09-07
204;Louis Jourdan;2000-12-06
205;Fred Surin;1945-08-21
206;Dirk Bogarde;1963-04-10
207;Ralph Thomas;1965-04-21
208;Robert Hossein;1955-03-13
209;Roger Vadim;1986-08-01
210;Curt Jurgens;1985-07-21
211;Gabriel Byrne;1987-10-13
212;Ellen Barkin;1972-03-25
213;Mary Lambert;1980-03-27
214;Henry Kendall;1991-03-01
215;Joan Barry;1945-03-14
216;Eric Stoltz;1971-05-01
217;Deborah Barrymore;1968-06-25
218;Franklin J. Schaffner;1952-03-05
219;Dee Wallace;1956-03-26
220;Drew Barrymore;1997-03-27
221;Kim Basinger;1966-09-08
222;Ralph Bakshi;2006-06-21
223;Robert Benton;2007-07-25
224;Jack Nicholson;1958-11-19
225;Tim Burton;1952-10-23
226;Bruce Willis;1969-12-11
227;Charlton Heston;1987-04-23
228;Phil Joanou;1990-09-21
229;Irvin Kershner;1978-06-20
230;Mickey Rourke;1961-02-14
231;Robert Culp;1987-01-01
232;John Llewellyn Moxey;2005-10-18
233;Richard Pearce;1980-09-09
234;Alec Baldwin;1958-05-03
235;Jerry Rees;1954-06-05
236;James Caan;1989-04-09
237;Kathy Bates;1981-04-12
238;Rob Reiner;1965-05-21
239;Wiktor Andersson;1947-03-17
240;Anna-Lisa Baude;1974-10-07
241;Antony Hamilton;1980-03-09
242;Belinda Bauer;1990-07-15
243;Lee Philips;2002-12-28
244;Gary Busey;1977-04-15
245;Gene Hackman;1998-01-03
246;Jennifer Beals;2003-01-26
247;David Drury;1946-06-01
248;Wings Hauser;1981-11-22
249;Kimberly Beck;1986-02-04
250;Nico Mastorakis;1949-04-21
251;Bonnie Bedelia;1989-03-10
252;Alan J. Pakula;2006-03-01
253;Janet Beecher;1951-01-14
254;Cecil B. DeMille;2006-03-02
255;Christine Belford;1971-04-21
256;Stuart Rosenberg;1950-08-16
257;Ed Flanders;1947-10-14
258;Kathleen Beller;1951-05-20
259;Jud Taylor;1963-08-03
260;Richard Belzer;1942-03-13
261;Pat Benatar;1960-09-11
262;Robert De Niro;1993-01-17
263;Annette Bening;1967-05-12
264;Irwin Winkler;1980-01-12
265;Michael Redgrave;1985-01-22
266;Joan Bennett;1956-02-23
267;Edward G. Robinson;1953-11-03
268;Mel Blanc;1995-12-16
269;Julie Bennett;2004-07-12
270;Greg Ford;1964-11-23
271;George Burns;1950-07-28
272;Marisa Berenson;1964-07-27
273;Ben Kingsley;2000-10-18
274;Candice Bergen;1961-11-21
275;Mike Nichols;1964-08-17
276;Elliott Gould;1984-06-23
277;Richard Rush;2002-06-21
278;Rafael Albaicín;1975-08-22
279;Senta Berger;2004-02-18
280;Edvin Adolphson;1981-06-20
281;Ingrid Bergman;1985-06-05
282;Halvar Björk;1986-07-25
283;Charles Boyer;1989-09-20
284;George Cukor;1957-03-15
285;Cary Grant;1966-04-18
286;Stanley Donen;1994-12-25
287;Gustaf Edgren;2007-08-05
288;Jose Ferrer;1998-09-16
289;Victor Fleming;1958-12-18
290;Ned Beatty;1999-11-14
291;Alan Gibson;1952-09-23
292;Anthony Quinn;1971-10-01
293;Guy Green;1963-03-21
294;Joseph Cotten;1965-01-28
295;Olof Widgren;1957-02-27
296;Per Lindberg;1948-09-26
297;Anatole Litvak;2002-05-10
298;Akim Tamiroff;1975-06-19
299;Bing Crosby;1941-12-14
300;Leo McCarey;1954-06-02
301;Gösta Ekman;2006-02-25
302;Gustaf Molander;1962-09-18
303;Tore Svennberg;1975-03-12
304;Håkan Westergren;1963-10-24
305;Gustav Molander;1948-05-08
306;Georg Rydeberg;1969-02-25
307;Mel Ferrer;1995-12-05
308;Jean Renoir;1954-04-17
309;Alexander Knox;2006-01-28
310;Roberto Rossellini;1998-02-07
311;George Sanders;1973-05-02
312;Mathias Wieman;1979-05-26
313;Mario Vitale;1961-02-12
314;Gene Saks;1960-06-08
315;Bruce Conover;2009-03-04
316;Rip Torn;1950-06-25
317;Robert Ginty;1962-09-13
318;Sandahl Bergman;2005-12-07
319;Allan Holzman;1962-09-01
320;David A. Prior;1969-02-18
321;Marty Feldman;1968-02-26
322;Shelley Berman;1969-03-10
323;Jim Clark;1969-06-18
324;Sandra Bernhard;1983-04-05
325;Eddie Murphy;1981-07-25
326;F. Murray Abraham;1957-02-13
327;Elizabeth Berridge;2001-11-17
328;Milos Forman;1978-07-12
329;Jennifer Billingsley;2000-02-21
330;Joseph Sargent;1943-09-01
331;Daniel Day-Lewis;1959-04-26
332;Juliette Binoche;1977-04-24
333;Philip Kaufman;1947-06-25
334;Jacqueline Bisset;1992-11-17
335;Burt Lancaster;2006-07-05
336;George Seaton;1991-06-20
337;Jean-Pierre Aumont;1993-07-16
338;Birger Malmsten;1948-03-04
339;Anita Björk;1947-08-12
340;Oliver Reed;1963-12-11
341;Karen Black;1995-03-27
342;Dan Curtis;1955-05-01
343;Peter Fonda;1945-01-23
344;Bob Rafelson;1952-02-28
345;Donald Sutherland;1973-03-02
346;John Schlesinger;1941-09-21
347;Honor Blackman;1970-10-14
348;Guy Hamilton;1956-12-14
349;Richard Burton;1983-01-19
350;Linda Blair;1989-09-09
351;John Boorman;1972-03-13
352;Stanley Clements;1945-07-28
353;Gloria Blondell;1966-09-10
354;Edward Bernds;1958-03-10
355;Joan Blondell;1943-10-20
356;Jason Leigh;1967-06-03
357;Cliff Robertson;1996-07-03
358;Claire Bloom;1943-04-05
359;Ralph Nelson;1981-07-20
360;Clint Eastwood;2002-03-20
361;Verna Bloom;1981-08-08
362;Anne Bobby;1999-04-06
363;Clive Barker;1986-04-09
364;Sandrine Bonnaire;1955-11-24
365;Maurice Pialat;2007-08-26
366;Macha Meril;2001-01-27
367;Agnes Varda;1995-11-01
368;Bill Cosby;1994-12-12
369;Elayne Boosler;1944-10-08
370;Graham Chapman;1944-03-18
371;Connie Booth;1971-08-26
372;Terry Gilliam;2004-11-24
373;Shirley Booth;1984-04-04
374;Joseph Anthony;1992-03-22
375;Carole Bouquet;2002-01-16
376;Buddy Rogers;1972-05-12
377;Clara Bow;1953-11-15
378;Lorraine Bracco;2010-10-20
379;John McTiernan;1949-04-01
380;William Hurt;1992-03-22
381;Sonia Braga;1944-10-08
382;Hector Babenco;1991-04-16
383;Eileen Brennan;1949-08-21
384;Diane Brewster;1943-05-24
385;Joseph Pevney;1956-08-20
386;Michael Paré;1961-11-26
387;Lynda Bridges;2001-02-16
388;Craig Rumar;1963-01-21
389;Anne Brochet;1974-04-27
390;Jean-Paul Rappeneau;1981-07-02
391;Tadeusz Fijewski;1942-01-23
392;Maria Broniewska;1949-06-28
393;Aleksander Ford;1973-06-23
394;Barrett Hopkins;2008-06-17
395;Violet Brown;1953-08-25
396;J. Christian Ingvordsen;2008-03-17
397;Marlon Brando;2005-05-22
398;Yul Brynner;1947-06-27
399;Bernhard Wicki;1949-12-02
400;Robert Atzorn;1959-12-08
401;Christine Buchegger;1958-02-15
402;Betty Buckley;2001-04-28
403;Roman Polanski;1986-11-06
404;Geneviève Bujold;1966-09-26
405;Michael Crichton;2001-08-04
406;Jeremy Irons;1963-07-27
407;Leonard West;1951-01-26
408;Stephanie Burd;2001-11-08
409;Bruce Lambert;1981-11-01
410;Ellen Burstyn;1988-06-05
411;William Friedkin;1996-02-28
412;Kris Kristofferson;1995-11-21
413;Jonathan Bolt;1960-09-21
414;Martha Byrne;2006-11-27
415;Frederick King Keller;1950-01-04
416;James Cagney;1953-01-06
417;Corinne Calvet;1966-03-01
418;Sampson De Brier;2008-01-17
419;Marjorie Cameron;1995-06-04
420;Kenneth Anger;1990-04-03
421;Larry Fishburne;1958-11-14
422;Tisha Campbell;1952-05-24
423;Spike Lee;1968-07-18
424;John Heard;2001-12-06
425;Dyan Cannon;1970-06-07
426;Merlin Olsen;1998-02-10
427;Katharine Cannon;1953-01-27
428;William F. Claxton;1984-08-20
429;Robert Bideman;1982-02-24
430;Nadia Capone;1987-05-10
431;Robert Bergman;2001-07-02
432;Sam Elliott;1951-08-12
433;Kate Capshaw;1995-06-11
434;Robert Day;1941-07-01
435;Willard Huyck;1953-09-08
436;Dennis Quaid;1940-04-03
437;Joseph Ruben;1950-10-10
438;Ridley Scott;1987-09-08
439;Claudia Cardinale;2008-11-10
440;Federico Fellini;1950-02-19
441;Wallace Ford;1975-10-05
442;Mary Carlisle;1993-11-24
443;Christy Cabanne;1972-02-07
444;Noah Taylor;1979-07-01
445;Loene Carmen;1983-07-06
446;John Duigan;1952-12-08
447;Jean-Paul Belmondo;1965-10-26
448;Leslie Caron;1952-05-21
449;René Clément;1984-05-10
450;Tom Gries;1943-05-19
451;Barbara Carrera;2001-04-05
452;Don Taylor;1996-11-10
453;Michael Caine;1979-08-01
454;Elpidia Carrillo;2004-05-28
455;John Mackenzie;2004-05-08
456;Peter Lorre;1952-07-22
457;Madeleine Carroll;1974-03-21
458;Bruce Mahler;1950-05-25
459;Judy Carter;1985-07-23
460;Tony Kendall;1953-08-18
461;Karen Carter;1976-11-14
462;Ernst R. von Theumer;1990-04-23
463;Joanna Cassidy;1946-06-06
464;Zach Galligan;1969-04-05
465;Phoebe Cates;1948-11-28
466;Joe Dante;1985-08-14
467;Amy Heckerling;2003-05-18
468;Andrew McCarthy;1976-05-11
469;Kim Cattrall;1972-08-19
470;Michael Gottlieb;2006-05-06
471;Frank Moore;1989-04-22
472;Marilyn Chambers;1990-12-07
473;Peter Sellers;1941-11-25
474;Marge Champion;1987-07-12
475;Chris Peterson;1958-06-24
476;Agnes Chan;1981-04-07
477;Peter Lawford;1950-12-02
478;Carol Channing;1969-12-28
479;Marguerite Chapman;1972-12-04
480;William A. Seiter;2005-11-12
481;Cyd Charisse;1997-05-11
482;Nicholas Ray;1981-11-08
483;Kyle MacLachlan;1974-06-06
484;Joan Chen;1978-07-11
485;Nicholas Cage;1982-05-12
486;Cher;1947-03-08
487;Norman Jewison;1954-03-11
488;George Miller;1962-05-10
489;Lois Chiles;1984-11-28
490;Guy Davis;1981-10-27
491;Rae Dawn Chong;2003-11-11
492;Stan Lathan;1959-02-05
493;Mick Jagger;1943-10-19
494;Andrew Lauer;1952-11-23
495;Claudia Christian;1941-06-08
496;Adam Rifkin;1995-03-13
497;Warren Beatty;1985-01-06
498;Julie Christie;1981-08-22
499;Hal Ashby;1944-05-19
500;Laurence Harvey;1999-09-06
501;Sandra Church;1961-05-08
502;George Englund;1986-04-19
503;Will Rogers;1993-08-12
504;Marguerite Churchill;1945-11-07
505;Sam Taylor;1951-03-01
506;Raoul Walsh;1966-10-20
507;Diane Cilento;1978-09-18
508;Martin Ritt;1979-08-09
509;Susan Clark;1946-01-07
510;Don Siegel;1941-09-15
511;Jillette Penn;1980-12-07
512;Caitlin Clarke;1971-11-21
513;Arthur Penn;1950-08-04
514;John Philbin;1955-12-11
515;Jill Clayburgh;1981-05-19
516;Claudia Weill;1975-11-23
517;John Malkovich;1983-06-18
518;Glenn Close;2004-06-06
519;Barbet Schroeder;1990-03-11
520;Niels Arestrup;1969-06-22
521;István Szabó;1970-09-15
522;Orson Welles;1959-09-07
523;Claudette Colbert;1949-01-03
524;Kirk Cameron;1998-10-19
525;Margaret Colin;1973-03-20
526;Rod Daniel;1971-12-24
527;James Stewart;1979-06-14
528;Constance Collier;1980-02-07
529;Bob Hope;1970-06-09
530;Joan Collins;1941-03-15
531;Norman Panama;2000-12-05
532;Tom Conti;1976-11-13
533;Pauline Collins;2008-04-12
534;Patrick Swayze;1965-01-25
535;Roland Joffe;1998-03-24
536;Anjanette Comer;2001-06-15
537;Sidney J. Furie;1972-06-25
538;Byron Thames;1977-01-21
539;Jennifer Connelly;1949-09-19
540;Linda Feferman;1975-10-15
541;Sam Bottoms;1975-06-22
542;Eleanor Coppola;1968-03-17
543;Fax Bahr;1993-09-07
544;Karla Lee;1958-02-21
545;Laura Cornell;1948-02-27
546;Charlotte Cornwell;1953-04-15
547;Hardy Kruger;1982-10-17
548;Nicole Courcel;1955-04-04
549;Paul LeMat;1978-12-09
550;Barbara Crampton;1989-03-13
551;David Schmoeller;2009-03-04
552;Roddy McDowall;1979-07-19
553;Joan Crawford;1969-10-07
554;Fred Gwynne;1968-01-19
555;Denise Crosby;1959-11-07
556;Wentley Phipps;2004-10-12
557;Sandra Crouch;1992-11-09
558;Kip Walton;2001-03-28
559;Lindsay Crouse;2000-07-18
560;Daniel H. Jenkins;1949-07-19
561;Jane Curtin;1945-01-10
562;Jamie Lee Curtis;1979-03-08
563;Charles Crichton;1960-06-17
564;Eva Dahlbeck;1958-12-27
565;Jean-Hughes Anglade;1967-05-03
566;Béatrice Dalle;1943-06-19
567;Jean-Jacques Beineix;1991-08-11
568;Beverly D'Angelo;1953-11-19
569;Chevy Chase;1957-07-08
570;Jeremiah S;1966-04-16
571;Yuri Solomin;1956-11-05
572;Svetlana Danilchenko;1949-06-25
573;Akira Kurosawa;1987-11-02
574;Blythe Danner;1949-05-05
575;Woody Allen;1960-03-14
576;Bo Hopkins;1951-12-24
577;Patti D'Arbanville;1975-11-10
578;Howard Hikmet Avedis;1956-02-27
579;Terence Knox;2006-12-28
580;Thomas J. Wright;1945-09-23
581;William Shatner;1962-12-21
582;Kim Darby;1950-09-19
583;Henry Hathaway;1975-01-17
584;Donald Crisp;1952-05-16
585;Jane Darwell;1953-07-21
586;Bette Davis;2006-07-28
587;Robert Aldrich;1993-08-03
588;Curtis Bernhardt;1983-02-08
589;George Brent;1994-07-20
590;Edmund Goulding;2010-11-05
591;Joseph L. Mankiewicz;1981-06-17
592;Jeff Goldblum;2006-10-19
593;Geena Davis;2008-07-10
594;Howard  Franklin;2002-08-10
595;Hugh Grant;2005-01-28
596;Sammi Davis;1993-07-21
597;David Hemmings;1979-12-09
598;Doris Day;2003-03-13
599;Jean Marais;1997-03-28
600;Josette Day;1991-06-19
601;Jean Cocteau;1941-08-28
602;Joel McCrea;2009-04-25
603;Laraine Day;1968-04-15
604;Ralph Richardson;2000-06-26
605;Olivia De Havilland;1958-01-17
606;William Wyler;1963-02-05
607;Jay Underwood;2000-08-01
608;Lucy Deakins;1940-08-25
609;Nick Castle;1952-09-10
610;Isabel Dean;1993-05-07
611;Caspar Wrede;1965-07-15
612;Frances Dee;1960-11-15
613;John H. Auer;1946-12-20
614;Danny Aiello;1993-07-08
615;Ruby Dee;1943-12-25
616;Andre Braugher;1977-08-15
617;Larry Peerce;1959-07-20
618;Thommy Berggren;1999-03-15
619;Pia Degermark;2005-09-14
620;Bo Widerberg;2001-12-08
621;Carl Weathers;1968-12-18
622;Cassandra Delaney;1944-01-22
623;Colin Budds;1957-07-05
624;Peter Ford;1943-04-09
625;Mylene Demongeot;1993-11-17
626;Tom Cruise;1971-06-28
627;Rebecca DeMornay;1968-10-17
628;Paul Brickman;1979-11-09
629;Catherine Deneuve;1981-05-25
630;Claude Berri;1960-04-23
631;Elie Chouraqui;1985-11-21
632;Alain Comeau;1991-02-24
633;Alan Corneau;1992-02-06
634;Dick Richards;1972-08-24
635;Elizabeth Depardieu;2003-07-14
636;Laura Dern;1958-06-05
637;Rosana DeSoto;1964-06-13
638;Edward James Olmos;1979-10-02
639;Ramon Menendez;1954-10-20
640;Albert Finney;1964-06-14
641;Susan Dey;1948-08-25
642;Charles Haid;1980-11-21
643;Angie Dickinson;1961-07-04
644;Jerry Jameson;1983-10-22
645;Marlene Dietrich;1977-10-11
646;Tay Garnett;1955-05-07
647;Spencer Tracy;1994-03-04
648;Stanley Kramer;1967-06-11
649;Rip Taylor;1980-03-24
650;Phyllis Diller;1979-08-03
651;Omar Sharif;2008-10-26
652;Arielle Dombasle;1993-02-14
653;Bruno Ganz;1982-03-02
654;Solveig Dommartin;2000-12-10
655;Amanda Donohoe;1940-11-24
656;Nicolas Roeg;1991-11-19
657;Diana Dors;1951-02-13
658;Pascal Benezech;1956-08-07
659;Marie-Laure Dougnac;2000-02-18
660;Marc Caro;1959-12-20
661;Lesley-Anne Down;1979-07-09
662;Peter Hyams;1996-06-12
663;Michael Tuchner;1959-11-17
664;Henry Fonda;1975-05-13
665;Cathy Downs;1987-03-04
666;Ben Johnson;1980-06-11
667;Joanne Dru;1957-06-02
668;Harold Hopkins;1943-02-26
669;Jeanie Drynan;1972-05-17
670;John Meagher;1951-07-04
671;Donald Grant;1976-03-14
672;Denise DuBarry;2001-09-05
673;Bob Dahlin;1953-05-27
674;Abba Eban;1987-07-14
675;Faye Dunaway;1949-05-16
676;Amos Kollek;1940-09-01
677;Robert Redford;1997-11-01
678;Sydney Pollack;2003-08-07
679;Joe Mantegna;1949-01-11
680;William Powell;1949-10-20
681;Irene Dunne;1950-06-14
682;Michael Curtiz;1964-10-06
683;Anny Duperey;1972-07-26
684;Alain Resnais;1983-08-04
685;Shelley Duvall;1983-10-25
686;Stanley Kubrick;1986-05-13
687;Ann Dvorak;1995-08-06
688;Joseph Kane;1941-01-21
689;Shirley Eaton;2002-02-08
690;Samantha Eggar;2007-03-15
691;Lisa Eilbacher;2001-07-05
692;Martin Brest;1961-10-16
693;Robert Urich;1957-03-15
694;James Quinn;1992-07-07
695;Anita Ekberg;2003-01-03
696;Britt Ekland;1989-07-20
697;Vittorio De Sica;1949-10-11
698;Miguel Hermoso;1972-11-04
699;Robert Parrish;1960-12-10
700;Tex Beneke;2007-05-15
701;Les Elgart;1973-11-17
702;Michael Ironside;1941-09-12
703;Krista Errickson;1979-08-17
704;Charles Laulette;2006-04-13
705;Kim Evenson;1968-10-01
706;Robert Allen Schnitzer;1977-05-14
707;John Dye;1987-04-15
708;Morgan Fairchild;1988-01-17
709;Ron Casden;1961-06-10
710;Felicia Farr;1960-07-10
711;Delmer Daves;1976-05-14
712;Mia Farrow;1947-03-27
713;Jason Robards;1944-05-02
714;Jan Troell;1948-10-12
715;Michael Nouri;1969-09-07
716;Farrah Fawcett;1956-12-18
717;John Avnet;1987-01-10
718;Hal Needham;1969-08-21
719;Eddie Nugent;1954-06-24
720;Louise Fazenda;1997-07-03
721;Lewis D. Collins;2004-04-08
722;Joseph Bottoms;1981-07-26
723;Tovah Feldshuh;1984-12-22
724;Marvin J. Chomsky;1974-01-28
725;Malcolm Jamieson;1964-09-20
726;Sherilyn Fenn;2000-10-21
727;Charles Band;1977-10-16
728;Forest Whitaker;1957-12-24
729;Roy London;1975-06-01
730;Rebecca Ferratti;1990-11-20
731;Fritz Kiersch;1990-11-11
732;Sally Field;1996-07-22
733;Jerry Belson;1940-08-25
734;Ed Harris;1944-11-19
735;Alfred Molina;1981-06-26
736;Brian Gilbert;1952-04-28
737;Henry Winkler;1998-10-17
738;Beau Bridges;1954-08-12
739;Tom Skerritt;1954-02-25
740;Herbert Ross;1995-03-24
741;Tom Hanks;2002-05-06
742;Carrie Fisher;1941-05-19
743;Mark Hamill;1971-02-25
744;George Lucas;1966-10-20
745;Richard Marquand;1958-08-12
746;Adrian Dunbar;1981-11-28
747;Tara Fitzgerald;1949-11-02
748;Peter Chelsom;1962-08-25
749;John Payne;1962-09-25
750;Rhonda Fleming;1984-09-10
751;Allan Dwan;1946-07-04
752;John Sturges;1991-03-07
753;Susan Fleming;1994-08-27
754;Ross Lederman;1989-02-17
755;Jake Dengel;1972-03-20
756;Suzanne Fletcher;1949-08-26
757;Alan Smithey;1942-07-25
758;Peter Gonzales;1975-05-28
759;Fiona Florence;1951-01-16
760;Jane Fonda;1981-08-24
761;James Bridges;1955-08-10
762;Lee Marvin;1941-03-14
763;Elliot Silverstein;1988-06-11
764;Jon Voight;1964-08-02
765;Laurence Olivier;1994-04-15
766;Joan Fontaine;1972-12-04
767;Robert Stevenson;1979-04-24
768;Anne Randall;1957-03-08
769;Anitra Ford;1990-12-24
770;Andy Sidaris;1958-02-22
771;William Katt;1946-11-23
772;Maria Ford;1973-10-26
773;Dan Golden;2007-05-19
774;Ed Lottimer;1972-12-05
775;Katt Shea Ruben;1997-04-15
776;Ray Sharkey;1985-05-07
777;Ken Stein;1983-01-05
778;Deborah Foreman;1972-03-09
779;Martha Coolidge;1998-02-24
780;Jodie Foster;2002-02-15
781;Jonathan Demme;2007-07-01
782;Mark Harmon;1950-05-20
783;Steven  Kampmann;1955-08-04
784;Bernard McEveety;1985-12-06
785;Tim Robbins;1947-02-24
786;Anne Francis;1999-04-12
787;Richard Brooks;1984-10-21
788;Brenda Fricker;1944-03-24
789;Jim Sheridan;1992-03-25
790;Frankie Avalon;1948-01-25
791;Annette Funicello;1966-04-05
792;Lyndall Hobbs;1969-03-08
793;Herbert Marshall;1996-09-03
794;Greta Garbo;1953-11-11
795;Richard Boleslawski;1940-06-07
796;Oscar Apfel;1976-11-01
797;Clarence Brown;1952-07-17
798;Charles Bickford;1945-11-27
799;John Gilbert;1975-02-20
800;Fredric March;1946-03-13
801;Ramon Novarro;2007-02-17
802;George Fitzmaurice;1955-10-16
803;Lewis Stone;1964-03-10
804;Sidney Franklin;1981-03-18
805;Alan Hale;1944-03-13
806;Robert Z. Leonard;1949-07-02
807;Melvyn Douglas;1955-09-27
808;Ernst Lubitsch;1983-04-26
809;Rouben Mamoulian;1954-07-09
810;Conrad Nagel;1956-12-09
811;Fred Niblo;1955-06-14
812;Henry Stuart;1949-03-19
813;Georg Wilhelm Pabst;2002-12-08
814;Nils Asther;1974-02-12
815;John S. Robertson;1950-06-01
816;Judy Garland;1993-12-13
817;John Cassavetes;1977-01-16
818;Dustin Hoffman;1968-05-27
819;Teri Garr;1999-11-20
820;Joe Pytka;1944-03-11
821;Greer Garson;1967-02-28
822;John Belushi;1955-04-09
823;Lorraine Gary;1940-10-22
824;Roy Scheider;2008-09-05
825;John Cusack;1960-04-13
826;Wendy Gazelle;1955-12-16
827;Steven Lisberger;1983-07-17
828;Willem Dafoe;1969-02-06
829;Robert M. Young;1984-01-15
830;Judy Geeson;2009-09-22
831;Douglas Hickox;1973-06-12
832;Denise Gence;1973-06-28
833;Bertrand Blier;1970-08-21
834;James Woods;1975-06-04
835;Cynthia Gibb;1951-06-17
836;Oliver Stone;2006-04-24
837;Althea Gibson;1970-12-13
838;Robert Newton;2000-02-10
839;Connie Gilchrist;1958-08-24
840;Byron Haskin;1942-07-07
841;Jackie Gleason;1942-04-07
842;Robert Rossen;1987-04-17
843;Sharon Gless;1984-05-20
844;Peter Hyam;1961-09-14
845;Michael Ontkean;1999-04-16
846;Whoopi Goldberg;1998-04-08
847;Robert Mulligan;2007-10-28
848;Bob Goldthwait;1955-01-03
849;Hugh Wilson;2003-10-05
850;Billy Crystal;2004-11-01
851;Paul Sorvino;1942-12-16
852;Lelia Goldoni;1976-09-12
853;Valeria Golino;1951-06-18
854;Barry Levinson;1952-07-21
855;Jean-Pierre Leaud;1993-06-05
856;Chantal Goya;1964-03-21
857;Vic Perrin;1997-03-28
858;Gloria Grahame;2003-11-09
859;Paul Stanley;1957-04-21
860;Sondra Currie;2003-04-14
861;Lindsay Greenbush;1965-12-05
862;Kim Greist;1944-12-18
863;Leon M. Lion;1950-03-07
864;Anne Grey;1954-02-20
865;William L. Petersen;1970-03-03
866;Kim Griest;1967-12-08
867;Michael Mann;1994-10-13
868;Melanie Griffith;1970-11-11
869;Brian De Palma;1952-09-10
870;David Seltzer;1996-10-01
871;Keely Christian;1988-10-20
872;Brittain Grye;1997-08-22
873;Yutaka Tadokoro;1965-06-11
874;Carrie Hamilton;1961-10-18
875;Fran Rubel Kuzui;1946-07-22
876;Linda Hamilton;1992-06-25
877;James Cameron;1973-05-11
878;Brian Kerwin;1960-04-09
879;John Guillermin;1990-05-16
880;Tony Curtis;1945-05-09
881;Susan Hampshire;1969-06-24
882;Tom Berenger;1991-06-20
883;Daryl Hannah;1945-07-17
884;Tony Bill;1947-01-08
885;John Carpenter;1986-07-24
886;James Remar;1979-10-08
887;Michael Chapman;1978-06-16
888;Adrian Zmed;1970-07-02
889;Andrew Davis;1978-03-22
890;James Foley;1956-12-04
891;Peter O'Toole;1960-01-01
892;Neil Jordan;1955-01-27
893;Steve Martin;1993-02-18
894;Fred Schepisi;1950-06-18
895;Page Hannah;1976-04-07
896;Johnny Mack Brown;1978-03-10
897;Eleanor Hansen;1993-01-19
898;Ray Taylor;1973-12-16
899;Jean Harlow;1999-08-26
900;Jack Conway;1986-05-12
901;Jessica Harper;1973-03-20
902;John Byrum;1951-03-18
903;Dylan McDermott;1950-10-23
904;John Lafia;1967-10-09
905;Robert Duvall;1969-12-06
906;Tess Harper;1994-12-22
907;Bruce Beresford;1954-07-27
908;Kenneth Gilman;2001-01-02
909;Priscilla Harris;2006-06-19
910;Michael Barnard;1951-09-25
911;Deborah Harry;1984-04-10
912;James Russo;1945-06-27
913;Roxanne Hart;1960-10-16
914;Russell Mulcahy;1993-09-13
915;Bernie White;2006-01-12
916;Marilyn Hassett;2004-10-11
917;Sylvester Stallone;1987-03-23
918;Teri Hatcher;1971-02-14
919;Goldie Hawn;2009-05-22
920;Roy Boulting;1959-12-03
921;Kurt Russell;1957-04-25
922;Colin Higgins;1955-07-08
923;Edward Albert;1944-05-28
924;Milton Katselas;2007-08-02
925;Garry Marshall;2008-06-25
926;Robert Ellis Miller;1966-09-26
927;Frank Oz;1958-07-11
928;James Keach;1976-12-15
929;Michael Ritchie;1944-01-17
930;Chris Sarandon;1958-11-09
931;Jay Sandrich;1966-05-14
932;Armand Assante;1988-04-11
933;Howard Zieff;1994-12-15
934;Ronald Colman;2002-12-20
935;Helen Hayes;1987-02-24
936;Darren McGavin;1994-07-14
937;Susan Hayward;1963-09-07
938;Rita Hayworth;1975-05-20
939;Vincent Sherman;1961-01-15
940;Brian Aherne;1957-05-02
941;Charles Vidor;1946-06-24
942;Glenne Headley;1964-05-13
943;Tippi Hedren;1948-08-15
944;Geof Prysirr;1993-11-23
945;Leah Ayres Hendrix;1994-10-02
946;John Florea;1974-04-01
947;Joe Piscopo;1987-12-22
948;Marilu Henner;1947-06-18
949;Nicolas Surovy;1981-12-02
950;Rod Holcomb;1996-06-04
951;Eva Henning;2003-10-01
952;Rex Harrison;1947-12-02
953;Audrey Hepburn;1994-08-20
954;James Garner;1988-02-11
955;Katharine Hepburn;1946-08-23
956;Anthony Harvey;2008-01-04
957;Elia Kazan;1953-07-04
958;Walter Lang;1942-07-15
959;Stuart Miller;1964-05-15
960;Mark Rydell;2007-11-19
961;Tupac Shakur;1981-03-23
962;Cindy Herron;1981-08-04
963;Ernest R. Dickerson;1986-03-21
964;Barbara Hershey;1954-04-10
965;David Anspaugh;1994-06-02
966;Catherine Hicks;1992-01-25
967;Geoffrey Reeve;1945-03-14
968;Robert Shaw;2002-02-27
969;Wendy Hiller;1946-09-20
970;Fred Zinnemann;1951-02-28
971;Bill Leadbitter;1995-03-23
972;Beverly Hills;1947-12-22
973;Ian Emes;1947-03-12
974;Patrick MacNee;1944-11-16
975;Clare Hoak;1965-08-04
976;Larry Brand;2001-01-20
977;Tom Brown;1941-03-15
978;Rose Hobart;2002-08-25
979;Omri Katz;1988-11-12
980;Shawn Hoffman;1944-10-10
981;Brett Thompson;1955-02-25
982;John Terlesky;2009-11-14
983;Susanna Hoffs;1981-05-10
984;Tamar Simon Hoffs;1968-05-05
985;Sarah Holcomb;1982-05-09
986;Harold Ramis;1985-03-13
987;Johnny Whitaker;1963-03-02
988;Celeste Holm;1999-02-28
989;Siohban Finneran;1980-03-13
990;Michelle Holmes;1970-11-14
991;Alan Clarke;1963-12-21
992;Eddie Dean;1996-04-11
993;Jennifer Holt;1941-10-10
994;Camilla Horn;1984-12-08
995;Greg Webb;1948-12-13
996;Barbara Howard;1958-03-28
997;Thomas L. Neff;1946-03-04
998;David Birney;1991-04-10
999;Season Hubley;1946-12-26
1000;George Kaczender;1957-07-13
1001;Rochelle Hudson;1984-09-18
1002;Josephine Hull;1953-02-24
1003;Richard Grieco;1999-01-13
1004;Linda Hunt;1985-12-16
1005;Michael Wilmington;1998-12-27
1006;Holly Hunter;1961-12-05
1007;Joel Coen;1995-05-03
1008;Lasse Hallström;1941-07-22
1009;Isabelle Huppert;1961-09-23
1010;Robin Williams;1982-11-14
1011;Mary Beth Hurt;1940-09-17
1012;George Kennedy;1974-02-13
1013;Olivia Hussey;1963-05-03
1014;Kinji Fukasaku;1952-11-13
1015;Ruth Hussey;1974-10-12
1016;King Vidor;1970-12-28
1017;Anjelica Huston;1958-07-15
1018;Ron Silver;1956-07-04
1019;Paul Mazursky;1979-02-22
1020;Raul Julia;1945-08-23
1021;B. Sonnenfeld;2000-10-07
1022;Leila Hyams;1997-12-17
1023;Tod Browning;1941-07-01
1024;Scott Bakula;1977-09-11
1025;Kathy Ireland;1982-10-13
1026;Stan Dragoti;2010-10-02
1027;Andy Garcia;1956-12-09
1028;Amy Irving;1961-02-21
1029;Bruno Barreto;2002-04-06
1030;Joel Oliansky;2010-11-03
1031;Peter Riegert;1985-06-12
1032;Joan Micklin Silver;1980-01-25
1033;Jeffrey Kime;1949-11-08
1034;Isabelle Weingarten.;1948-03-24
1035;John Thaw;1954-01-26
1036;Glenda Jackson;1949-02-15
1037;Lezli-An Barrett;1968-06-27
1038;George Segal;1999-12-03
1039;Melvin Frank;1961-05-09
1040;Stratford Johns;1983-10-09
1041;Mike Connors;1960-11-21
1042;Sherry Jackson;2010-06-15
1043;Don Chaffey;1980-11-27
1044;Ulla Jacobsson;2005-12-27
1045;Henry Jaglom;2006-05-13
1046;Maggie Jakobsen;1970-01-09
1047;Klaus Maria Brandauer;1978-10-02
1048;Krystyna Janda;2008-01-16
1049;Franklin Dyall;1990-05-24
1050;Isabel Jeans;1982-06-03
1051;Isabel Jewell;1984-09-01
1052;Tommy Davidson;1972-12-02
1053;Anne-Marie Johnson;1958-01-26
1054;Kevin Hooks;1984-08-19
1055;Michelle Johnson;1969-10-13
1056;Grace Jones;1984-09-28
1057;Alex Cox;1965-11-28
1058;Mitch Gaylord;1993-03-14
1059;Janet Jones;1952-03-20
1060;Albert Magnoli;1995-12-12
1061;Shirley Jones;1955-06-15
1062;Ralph Levy;1954-06-07
1063;Ron Howard;1977-03-07
1064;Pernell Roberts;1964-02-04
1065;Milla Jovovich;1957-02-23
1066;Robert Wiemer;2007-10-01
1067;Bengt Eklund;1943-09-08
1068;Nine-Christine Jönsson;2010-05-21
1069;Ryan O'Neal;1999-05-05
1070;Madeline Kahn;1951-08-06
1071;Peter Bogdanovich;2010-04-20
1072;Mel Damski;1957-11-09
1073;Gene Wilder;2002-11-19
1074;Carol Kane;1972-02-23
1075;Franco Amurri;2007-02-24
1076;Frank Silvera;1977-05-25
1077;Irene Kane;1960-10-07
1078;Pierce Brosnan;1944-08-04
1079;Shashi Kapoor;1965-07-06
1080;Nicholas Meyer;1990-10-21
1081;Valerie Kaprisky;1954-07-16
1082;Jim McBride;1977-11-18
1083;Caroline Kava;1995-12-18
1084;Julie Kavner;1993-03-08
1085;Penny Marshall;2004-09-09
1086;Diane Keaton;2002-06-07
1087;Sam Shepard;1999-01-18
1088;William Atherton;1995-09-18
1089;Al Pacino;1968-05-27
1090;Martin Potter;1954-11-10
1091;Hiram Keller;1976-10-28
1092;George C. Scott;1997-03-08
1093;Marthe Keller;1970-09-03
1094;John G. Avildsen;1950-06-03
1095;Alan Arkin;1942-01-22
1096;Sally Kellerman;1997-09-10
1097;Clark Gable;2003-09-17
1098;Grace Kelly;1970-06-24
1099;Otto Kruger;1964-01-21
1100;Nancy Kelly;1946-12-15
1101;Walter Colmes;1965-11-21
1102;Henry King;1998-08-27
1103;Henry Jones;1972-05-15
1104;Mervyn LeRoy;2004-03-04
1105;Mel Gibson;1945-01-04
1106;Patsy Kensit;1970-10-03
1107;Mark Herman;1971-09-20
1108;Richard Barthelmess;1955-05-27
1109;Barbara Kent;2010-10-25
1110;Millard Webb;1996-10-02
1111;Margot Kidder;1949-02-11
1112;Christopher Reeve;2005-01-17
1113;Hussein Waris;1946-08-08
1114;Sam Neill;2006-04-22
1115;Nicole Kidman;1943-07-20
1116;Tony Scott;2001-05-24
1117;Anton Glanzelius;1961-09-06
1118;Melinda Kinnaman;1981-02-01
1119;Nastassia Kinski;1995-05-18
1120;Harry Dean Stanton;1967-10-01
1121;Sally Kirkland;1991-10-16
1122;Michael Winner;1982-07-18
1123;Eartha Kitt;1999-07-14
1124;Terry Jones;1949-10-23
1125;Gerard Kikoine;2010-06-21
1126;Gary McCleery;1944-02-19
1127;Margaret Klenck;1984-11-09
1128;Rick King;1988-01-14
1129;Shirley Knight;1989-07-04
1130;Scott Wilson;1950-12-04
1131;Maja Komorowska;2001-10-19
1132;Krzystoff Zanussi;1965-12-28
1133;Mary Kornman;2004-08-15
1134;Paul Hogan;1958-05-08
1135;Linda Kozlowski;1983-10-09
1136;John Cornell;2005-02-22
1137;Peter Faiman;1941-03-22
1138;Lisa Kreuzer;1970-09-09
1139;Alice Krige;1989-02-09
1140;Gary Graham;1948-04-09
1141;Sylvia Kristel;2009-06-11
1142;Philippe Blot;1957-08-17
1143;Josef Sommer;1971-07-14
1144;Christopher Coppola;2001-11-21
1145;Kelly Kruize;1966-03-01
1146;Masatoshi Nagase;1959-06-06
1147;Youki Kudoh;2005-04-13
1148;Jim Jarmusch;1985-04-14
1149;Denice Kumagai;1994-07-10
1150;Ted Post;1980-08-13
1151;John Goodman;1980-11-20
1152;Swoosie Kurtz;1960-06-27
1153;David Byrne;2006-03-28
1154;Masayuki Mori;1960-02-09
1155;Machiki Kyô;1970-04-02
1156;Kenji Mizoguchi;1946-12-12
1157;Diane Ladd;1964-02-14
1158;Martin B. Cohen;1972-07-25
1159;Arliss Howard;1992-11-08
1160;Christine Lahti;1987-11-03
1161;John Badham;1946-05-08
1162;Judd Hirsch;1950-10-18
1163;Leonard Nimoy;2000-03-10
1164;Audrey Landers;2005-03-09
1165;Donald Most;1974-01-05
1166;Judy Landers;1969-01-27
1167;Ken Blancato;1995-04-01
1168;Matt Dillon;1943-10-15
1169;Diane Lane;1969-02-26
1170;Ben Bolt;1947-09-26
1171;C. Thomas Howell;1996-01-19
1172;Charles Finch;1944-04-15
1173;Walter Hill;1967-02-21
1174;Jessica Lange;1976-02-05
1175;Taylor Hackford;2008-07-13
1176;Whip Wilson;1953-10-11
1177;Christine Larson;2002-03-25
1178;Carole Laure;1989-11-19
1179;Christopher Gable;1984-04-19
1180;Twiggy Lawson;1986-09-12
1181;Steven Seagal;1949-07-22
1182;Kelly LeBrock;1967-08-10
1183;Bruce Malmuth;2008-01-28
1184;Janet Leigh;2001-04-27
1185;Josef von Sternberg;1965-08-10
1186;David Neidorf;2007-11-16
1187;Jennifer Jason Leigh;2005-09-20
1188;John Stockwell;1966-05-09
1189;Vivien Leigh;1971-11-24
1190;Charlotte Lewis;1961-08-09
1191;Virna Lisi;2009-09-18
1192;Rod Amateau;1984-06-02
1193;Alberto Lattuada;1991-08-02
1194;Emily Lloyd;1994-03-26
1195;Rosalind Lloyd;1957-02-16
1196;Andrew V. McLaglen;1991-07-01
1197;Sondra Locke;1980-10-23
1198;Michael Barry;1949-06-19
1199;Robert Townsend;2010-10-23
1200;Margaret Lockwood;1996-06-03
1201;Bob Peck;1961-09-22
1202;Phyllis Logan;1947-01-10
1203;Harry Hook;1991-11-22
1204;Terry-Thomas;1976-04-24
1205;Marie Lohr;2009-04-17
1206;Robert Armstrong;1998-08-23
1207;Carole Lombard;1992-08-28
1208;Howard Higgin;1946-03-04
1209;Robert Montgomery;1997-04-08
1210;Francois Cluzet;1972-12-03
1211;Lonette McKee;1991-12-09
1212;David Rayfield;1955-11-17
1213;Shelley Long;1989-12-01
1214;Curtis Hanson;1948-12-16
1215;Powers Boothe;1983-03-12
1216;Emily Longstreth;1942-11-13
1217;Lesli Linka Glatter;2005-03-28
1218;Robin Nichol;1988-06-05
1219;Traci Lords;2008-08-24
1220;Stewart Dell;2005-08-01
1221;Troy Donahue;1999-03-16
1222;Mark Freed;1941-09-18
1223;Sophia Loren;1993-06-21
1224;John Hough;1990-02-20
1225;Stphen Boyd;1980-02-26
1226;Anthony Mann;1992-02-07
1227;Delbert Mann;1964-08-02
1228;Alberto Sordi;1957-02-26
1229;Mario Mattoli;1972-02-12
1230;Steve Railsback;1984-09-22
1231;Boris Sagal;1978-06-10
1232;Ettore Scola;1948-11-12
1233;Lina Wertmuller;1965-07-27
1234;John Gavin;1948-02-11
1235;Robert Loggia;1972-05-14
1236;George Peppard;2006-04-21
1237;Billy Dee Williams;1941-02-22
1238;Bill Allen;1965-03-19
1239;Lori Loughlin;1973-12-19
1240;Suzanna Love;1952-09-24
1241;Ulli Lommel;1997-04-12
1242;Myrna Loy;1965-09-27
1243;Bela Lugosi;1989-06-07
1244;William Beaudine;1994-10-26
1245;Cherie Lunghi;2000-09-14
1246;Jim Belushi;1972-09-15
1247;Kelly Lynch;1970-08-19
1248;John Hughes;1945-11-05
1249;James Mason;1978-06-10
1250;Sue Lyon;1953-02-16
1251;James Spader;2010-03-26
1252;Andie MacDowell;1973-02-25
1253;Steven Soderbergh;1951-12-24
1254;Peter Weir;1990-04-03
1255;Paul Muzzcat;1951-01-10
1256;Jan MacKenzie;2003-04-07
1257;Shirley MacLaine;1990-07-01
1258;James L. Brooks;1971-01-02
1259;James Booth;1997-09-17
1260;Joseph McGrath;1993-06-22
1261;Robert Z'Dar;1990-12-14
1262;Fawna MacLaren;1990-05-07
1263;Aline MacMahon;1967-08-05
1264;William K. Howard;2003-09-25
1265;Madonna;1999-11-04
1266;Harry De Winter;1971-12-05
1267;Alek Keshishian;1983-12-20
1268;Jeremy Pattnosh;1977-10-18
1269;Steven Jon Lewicki;1987-11-17
1270;Vanna White;1964-08-27
1271;Virginia Madsen;1957-05-26
1272;Michael Dinner;1979-08-19
1273;Craig Sheffer;1988-03-15
1274;Duncan Gibbins;1968-03-28
1275;Don Johnson;1967-06-22
1276;Magali Noel;1989-09-12
1277;Pupella Maggio;1944-01-06
1278;Jason Connery;1988-03-10
1279;Luisa Maneri;1994-07-02
1280;Sergio Martino;2000-08-22
1281;Linda Manz;1981-07-23
1282;Adele Mara;1987-02-04
1283;Andrea Marcovicci;1996-06-18
1284;Kika Markham;1953-02-24
1285;Richard Loncraine;1979-10-24
1286;Broderick Crawford;1991-02-25
1287;Guilietta Masina;1962-07-05
1288;Marsha Mason;1992-07-05
1289;Divine;1970-12-27
1290;Edith Massey;1966-08-21
1291;Kevin Costner;1999-03-09
1292;Mary Elizabeth Mastrantonio;2009-10-22
1293;Roger Donaldson;2002-01-27
1294;Marlee Matlin;1948-11-20
1295;Randa Haines;1985-08-27
1296;Carmen Maura;1955-10-01
1297;Félix Rotaeta;1972-10-26
1298;Keith Carradine;1961-09-03
1299;Mimi Maynard;1973-05-06
1300;Virginia Mayo;1983-12-07
1301;Yaphet Kotto;1994-10-07
1302;Rue McClanahan;1950-02-03
1303;Gary Sherman;2007-06-02
1304;Robby Benson;1950-11-23
1305;Robert Carlyle;1972-03-15
1306;Emer McCourt;2009-04-12
1307;Ken Loach;1950-09-14
1308;Jody McCrea;1955-08-10
1309;Anthony M. Lanza;1965-10-15
1310;Mary McDonnell;1968-07-10
1311;James Earl Jones;1987-01-16
1312;John Sayles;2001-06-04
1313;Frances McDormand;1947-02-20
1314;Alan Parker;1968-12-27
1315;Vonetta McGee;1949-02-08
1316;John Shea;1981-08-21
1317;Kelly McGillis;1985-04-12
1318;Uri Barbash;1972-07-27
1319;Peter Weller;1991-10-19
1320;Abel Ferrera;1962-04-10
1321;Bernie Coulson;1962-07-01
1322;Jonathan Kaplan;1982-10-15
1323;Ted Kotcheff;1950-05-11
1324;Timothy Hutton;1966-06-28
1325;Alan Rudolph;2002-06-23
1326;Jeff Daniels;1991-04-23
1327;Elizabeth McGovern;1954-01-15
1328;Richard Benjamin;1991-10-28
1329;Marshall Brickman;1991-01-28
1330;Kevin Bacon Hughes;1962-12-09
1331;Dorothy McGuire;2003-07-03
1332;George Stevens;1946-04-26
1333;Timothy Dalton;1984-11-18
1334;Janet McTeer;2004-05-23
1335;Mariangela Melato;1982-03-25
1336;Andrew Bergman;1992-12-27
1337;Kirk Douglas;1992-06-06
1338;Adolphe Menjou;1947-02-01
1339;Melina Mercouri;1967-11-08
1340;Jules Dassin;2008-11-05
1341;Lee Meredith;1988-07-21
1342;Jackie Mason;1987-11-01
1343;Dina Merrill;1954-05-19
1344;Allan Arkush;1953-08-09
1345;Laurie Metcalf;1977-04-23
1346;Mike Figgis;1963-03-19
1347;Wesley Snipes;1953-10-05
1348;Michael Michele;1956-06-12
1349;Mario Van Peebles;1962-05-24
1350;Bette Midler;1996-02-07
1351;David Hayman;1996-07-27
1352;Sarah Miles;1943-11-15
1353;Robert Mitchum;1969-02-01
1354;David Lean;1960-05-04
1355;Richard C. Sarafian;1974-05-23
1356;Vera Miles;1945-02-11
1357;Penelope Ann Miller;1982-08-26
1358;Paul Reubens;1959-12-10
1359;Randal Kleiser;1983-04-17
1360;Yvette Mimieux;1943-11-15
1361;George Pal;2002-08-22
1362;Joel Grey;2002-05-25
1363;Liza Minnelli;1947-10-14
1364;Bob Fosse;2010-04-01
1365;Steve Gordon;1943-08-01
1366;Vincente Minnelli;2005-05-21
1367;Robert Englund;1977-06-19
1368;Kelly Jo Minter;1961-10-15
1369;Helen Mirren;1941-10-05
1370;Piers Haggard;1988-11-01
1371;John Cage;2004-06-01
1372;Meredith Monk;2008-01-28
1373;Peter Greenaway;1995-11-06
1374;Sterling Hayden;1958-08-14
1375;Marilyn Monroe;2009-05-16
1376;Eddie Garr;1996-03-16
1377;Phil Karlson;1996-01-19
1378;Jean Negulesco;1980-07-10
1379;Humphrey Bogart;1951-01-27
1380;John Candy;1949-08-22
1381;Demi Moore;1991-08-23
1382;Dan Aykroyd;1954-08-24
1383;Emilio Estevez;1970-09-19
1384;Savage Steve Holland;1989-05-16
1385;Jon Cryer;1992-12-04
1386;Jerry Schatzberg;1958-12-20
1387;Jerry Zucker;1943-04-13
1388;Rob Lowe;1964-04-10
1389;Edward Zwick;1976-10-18
1390;Mary Tyler Moore;1962-06-16
1391;Terry Moore;1942-06-24
1392;Joseph H. Lewis;1978-01-28
1393;Daniel Mann;2007-03-18
1394;Jeanne Moreau;1990-04-20
1395;William A. Fraker;1951-01-16
1396;Paola Mori;2000-07-20
1397;David Keith;1959-04-03
1398;Cathy Moriarty;1987-01-08
1399;Donald Cammell;1967-07-07
1400;Zero Mostel;1985-03-03
1401;Mel Brooks;1996-04-11
1402;Frank Annese;2010-10-26
1403;Tawny Moyer;1995-01-01
1404;Greg Gold;1991-04-11
1405;Michael Biehn;1942-11-01
1406;Maureen Mueller;1990-11-21
1407;Kenneth Bowser;1992-01-18
1408;Diana Muldaur;1951-03-27
1409;Ona Munson;1942-10-18
1410;Bernard Vorhaus;1964-08-23
1411;Ornella Muti;1946-11-12
1412;Dominique Deruddere;1941-08-23
1413;Mildred Natwick;1989-06-19
1414;John Forsythe;1953-08-11
1415;Raven Von Bergan;1941-03-17
1416;Monica Navarro;1945-02-06
1417;Bruce Marder;1948-10-25
1418;Patricia Neal;1969-01-03
1419;Barry Brenner;1958-11-04
1420;Gail Neely;2001-08-12
1421;Peter George;1963-01-28
1422;Jun Negami;1954-02-03
1423;Frank Whaley;2007-02-05
1424;Natalya Negoda;2010-01-15
1425;Hildegard Neil;1946-01-18
1426;Basil Dearden;1968-12-10
1427;Catherine Neilson;1955-01-23
1428;Kate Nelligan;2002-09-09
1429;Jack Hoxie;1948-12-12
1430;Evelyn Nelson;1979-09-11
1431;Robert N. Bradbury;1996-11-14
1432;Laraine Newman;1982-03-24
1433;Gary Weis;1966-11-10
1434;Nichelle Nichols;1963-04-02
1435;William  Shatner;1963-09-20
1436;Jim Metzler;1949-05-26
1437;Dana W. Nicholson;2005-06-15
1438;Steven Lovy;1956-07-15
1439;Brigitte Nielsen;1981-07-24
1440;George P. Cosmatos;1989-09-05
1441;Stig Olin;1963-09-10
1442;Maj-Britt Nilsson;1941-11-13
1443;Jeanette Nolan;1997-03-13
1444;Kim Novak;1967-12-16
1445;Yftach Katzur;1985-04-25
1446;Zachi Noy;1944-02-13
1447;Walter Bennett;1996-09-05
1448;Pat O'Brien;1949-12-07
1449;Irving Reis;2004-03-23
1450;Nell O'Day;1997-10-10
1451;Tyrone Power;1993-10-11
1452;Maureen O'Hara;1953-09-28
1453;Charles Laughton;1960-06-28
1454;George Sherman;1971-11-17
1455;Lena Olin;1978-08-24
1456;Nancy Olson;2006-12-18
1457;Edward Ludwig;1994-11-24
1458;Michael O'Herlihy;2003-09-05
1459;Pat O'Malley;1976-07-23
1460;Laslo Benedek;2001-03-21
1461;Carl Brisson;1940-02-12
1462;Anny Ondra;1990-05-19
1463;Tatum O'Neal;1985-11-14
1464;Bryan Forbes;1964-04-09
1465;Stephen Lack;1949-05-05
1466;Jennifer O'Neill;1958-01-04
1467;Marc Price;1955-09-01
1468;Lisa Orgolini;1977-06-21
1469;Charles Martin Smith;1963-09-10
1470;Nick Nolte;1944-02-08
1471;Annette O'Toole;1940-03-05
1472;Geraldine Page;1949-04-09
1473;Peter Masterson;1974-01-22
1474;Betsy Palmer;1991-03-26
1475;Irene Papas;1969-01-22
1476;Costa-Gavras;1975-11-16
1477;James Wilby;1974-01-07
1478;Judy Parfitt;1958-07-04
1479;James Ivory;1960-01-05
1480;Nicol Williamson;1994-10-18
1481;Tony Richardson;1970-03-06
1482;Tcheky Karyo;1999-02-03
1483;Anne Parillaud;1981-01-08
1484;Sarah Jessica Parker;1997-04-28
1485;Anthony Edwards;1965-07-15
1486;Dan Taylor;1955-08-10
1487;Barbara Parkins;1994-12-14
1488;Peter R. Hunt;1970-12-04
1489;Lee Majors;1964-10-16
1490;Dolly Parton;1996-07-24
1491;David Naughton;1988-01-23
1492;Alexandra Paul;1947-10-22
1493;Adrian Pasdar;1968-02-07
1494;Cecilia Peck;1992-05-13
1495;Jack Fisher;1964-05-07
1496;Judd Nelson;1945-01-07
1497;Elizabeth Perkins;1958-05-16
1498;Bob Clark;1981-05-09
1499;Danny DeVito;1994-07-10
1500;Rhea Perlman;1963-06-19
1501;Christopher Reid;2004-12-25
1502;Valerie Perrine;2010-09-26
1503;Dick Clement;1950-05-23
1504;Bernadette Peters;1983-12-20
1505;Carl Reiner;1973-04-01
1506;Penny Peyser;1987-02-06
1507;Richard Compton;1963-07-16
1508;Michelle Pfeiffer;2002-11-11
1509;Maxwell Caulfield;1971-02-16
1510;Patricia Birch;2006-07-12
1511;Matthew Modine;1968-02-20
1512;Matthew Broderick;1980-11-15
1513;Steve Kloves;1960-02-05
1514;John Landis;2003-05-04
1515;Robert Towne;1978-04-08
1516;Vic Morrow;2006-11-17
1517;Michelle Phillips;1993-11-22
1518;Warren Oates;1963-07-05
1519;Derek Jacobi;1941-10-06
1520;Sarah Pickering;1975-02-08
1521;Christine Edzard;1982-05-22
1522;Charles Rogers;1988-11-20
1523;Mary Pickford;1974-06-04
1524;Jonathan Frid;1961-11-17
1525;Christina Pickles;1976-03-14
1526;Alexandra Pigg;1958-10-03
1527;Tony Donahue;1961-03-25
1528;Suzanne Pleshette;2005-06-16
1529;Bernard Hill;1978-08-22
1530;Joan Plowright;1946-12-12
1531;John Stamos;1970-08-16
1532;Teri Polo;1978-02-19
1533;Graham Baker;1964-05-11
1534;Tom Selleck;1982-09-13
1535;Paulina Porizkova;1947-05-27
1536;Jimmy Smits;1998-06-27
1537;Markie Post;1992-02-23
1538;Gregory Harrison;1950-10-22
1539;Alexandra Powers;1965-01-11
1540;Sandor Stern;1955-08-22
1541;Stefanie Powers;2000-09-23
1542;Johnny Doran;1981-08-22
1543;Sally Prager;1985-03-26
1544;Fielder Cook;1945-06-15
1545;Paula Prentiss;1981-01-08
1546;Clive Donner;1999-03-02
1547;Leslie Nielsen;1949-12-19
1548;Priscilla Presley;1969-11-22
1549;David Zucker;2003-11-22
1550;Hugo Race;1969-10-04
1551;Santha Press;1990-04-15
1552;Colin South Tatoulis John;1954-05-27
1553;Kelly Preston;1962-07-27
1554;Ivan Reitman;1977-08-21
1555;John Travolta;1975-01-04
1556;Dave Thomas;1961-08-06
1557;William Lucking;1944-08-09
1558;Victoria Principal;2007-06-24
1559;Richard A. Colla;1954-10-11
1560;Allan Rachins;1943-06-13
1561;Lee Purcell;1960-10-14
1562;Robert Scheerer;1983-11-16
1563;James Read;1991-01-23
1564;Linda Purl;1946-11-01
1565;Mae Questel;2007-09-22
1566;David Robb;1953-01-21
1567;Kathleen Quinlan;1949-01-17
1568;Willi Patterson;2006-07-27
1569;Gaspard Manesse;1985-06-07
1570;Francine Racette;1950-03-04
1571;Cristina Raines;2007-12-28
1572;Franco Rossi;1969-12-01
1573;Vera Ralston;1965-01-26
1574;George Waggner;1955-01-20
1575;Charlotte Rampling;1979-09-24
1576;Bubba Smith;1947-02-07
1577;Marion Ramsey;1966-12-27
1578;Peter Bonerz;1955-04-23
1579;George Gaynes;1942-05-11
1580;Alan Myerson;1970-06-19
1581;Steve Guttenberg;1956-04-03
1582;Jerry Paris;1966-11-10
1583;Linda Hopkins;1953-04-03
1584;Vi Redd;1946-12-04
1585;Vanessa Fonda;1975-02-12
1586;Jane Redgrave;1943-08-12
1587;Vanessa Redgrave;1950-03-28
1588;Donna Reed;1957-01-01
1589;Alex Segal;1977-10-08
1590;Pamela Reed;1943-07-21
1591;Roger Spottiswoode;1980-03-18
1592;Kate Reid;1969-07-26
1593;Volker Schlöndorff;2002-11-24
1594;Debbie Reynolds;1980-09-12
1595;Laurence Luckinbill;1949-01-19
1596;Elizabeth Richards;1963-02-18
1597;Miranda Richardson;1996-06-16
1598;Natasha Richardson;1989-04-20
1599;Paul Schrader;1951-08-23
1600;George Lazenby;1969-11-26
1601;Diana Rigg;1944-05-21
1602;Molly Ringwald;1994-01-17
1603;Howard Deutch;1996-09-24
1604;Tex Ritter;1981-03-13
1605;Vincent Gauthier;1985-03-01
1606;Marie Riviere;1964-02-12
1607;Eric Rohmer;1975-06-16
1608;Laila Robbins;1943-08-09
1609;Julia Roberts;2008-11-15
1610;Kiefer Sutherland;1985-01-13
1611;Joel Schumacher;1980-04-19
1612;Frances Robinson;1999-01-20
1613;Fred Astaire;2006-07-16
1614;Ginger Rogers;1977-10-24
1615;Mimi Rogers;1957-09-09
1616;Michael Cimino;1940-07-17
1617;Michael Keaton;1941-04-22
1618;Baz Taylor;1991-12-23
1619;Farley Granger;1950-05-12
1620;Ruth Roman;1962-12-07
1621;Robert Totten;2000-05-12
1622;Cliff De Young;1941-01-01
1623;Jamie Rose;2008-07-27
1624;Louis Morneau;1942-05-23
1625;Katharine Ross;1953-02-01
1626;Jackie Cooper;1994-01-25
1627;Isabella Rossellini;1968-11-12
1628;Ted Danson;2002-07-24
1629;Jean Carmet;1975-07-11
1630;Catherine Rouvel;1997-10-22
1631;Jean-Jacques Annaud;1947-12-11
1632;Gena Rowlands;1971-10-25
1633;Roberto Benigni;1997-12-08
1634;Alan Boyce;1993-03-15
1635;Jennifer Rubin;1999-10-19
1636;Marisa Silver;2000-10-07
1637;Mercedes Ruehl;1977-09-08
1638;Richard Pryor;1973-06-02
1639;Maurice Phillips;1993-10-14
1640;Barbara Rush;1958-06-08
1641;Leif Garrett;1980-08-10
1642;Betsy Russell;1971-12-14
1643;John Quinn;1977-08-22
1644;Ernie Hudson;1942-04-04
1645;Gail Russell;1959-11-24
1646;James Edward Grant;1986-02-17
1647;Jeff Fahey;1942-01-08
1648;Theresa Russell;2002-06-03
1649;Gary Oldman;2006-12-14
1650;Rene Russo;1950-11-20
1651;Ann Rutherford;2002-05-14
1652;Margaret Rutherford;1972-12-06
1653;Meg Ryan;1951-11-16
1654;John Patrick;1955-03-02
1655;Val Kilmer;1979-04-23
1656;Winona Ryder;1977-09-20
1657;Jim Abrahams;1997-07-08
1658;Eva Marie Saint;1989-10-15
1659;Paul Bogart;1987-11-27
1660;Otto Preminger;1988-04-17
1661;Ken Ogata;1996-04-16
1662;Sumiko Sakamoto;1996-10-02
1663;Shohei Imamura;1972-01-24
1664;Martin Sheen;1943-02-11
1665;Jennifer Salt;1946-03-06
1666;Lino Capolicchio;1971-03-05
1667;Dominique Sanda;1986-07-26
1668;Fred Haines;1961-07-05
1669;Pierre Clementi;1970-09-18
1670;Stefania Sandrelli;1987-04-15
1671;Reni Santoni;1964-12-25
1672;Mia Sara;1959-12-01
1673;Susan Sarandon;1961-01-24
1674;Glenn Jordan;1966-02-18
1675;Euzhan Palcy;1946-08-18
1676;Charles Gray;1975-11-16
1677;Jim Sharman;1990-01-12
1678;Vyacheslav Tikhonov;1977-11-16
1679;Lyudmila Savelyeva;1955-03-11
1680;Sergei Bondarchuk;2002-05-14
1681;Denholm Elliott;1943-05-04
1682;Greta Scacchi;1985-07-06
1683;Prunella Scales;1990-02-21
1684;Bill Pullman;1944-09-08
1685;Wendy Schaal;1947-03-11
1686;Mark W. Travis;1983-04-07
1687;Sabrina Scharf;1950-07-01
1688;Maria Schneider;1991-07-23
1689;Michelangelo Antonioni;1957-10-23
1690;Marc Singer;1944-12-13
1691;Lisa Schrage;1951-05-20
1692;Stuart Gillard;1947-04-08
1693;Theodor Loos;1971-10-19
1694;Margarete Schön;1983-10-09
1695;Brenda Scott;1962-04-18
1696;Paul Wendkos;1984-08-26
1697;Judge Reinhold;1971-06-08
1698;Jane Seymour;1965-07-23
1699;Ken Finkleman;1984-05-07
1700;Fernando Rey;1960-03-17
1701;Delphine Seyrig;1975-05-25
1702;Luis Bunuel;1977-10-24
1703;Ally Sheedy;1991-09-15
1704;Michelle Manning;1963-03-21
1705;Rick Rosenthal;1993-12-18
1706;Michael O'Keefe;1943-04-12
1707;Carole Shelley;1999-10-12
1708;Timothy Bottoms;1995-12-02
1709;Cybill Shepherd;1985-05-06
1710;Howard Hessman;1940-06-08
1711;Brooke Shields;1990-03-22
1712;Martin Hewitt;1977-03-20
1713;Franco Zeffirelli;1990-11-20
1714;Talia Shire;2008-03-28
1715;Elisabeth Shue;1973-12-26
1716;Oskar Homolka;1949-04-28
1717;Sylvia Sidney;1946-02-20
1718;Samy Ben Youb;1985-08-24
1719;Simone Signoret;1943-11-21
1720;Moshe Mizrahi;1941-10-24
1721;Milton Berle;1983-01-01
1722;Beverly Sills;2001-12-06
1723;Jean Simmons;1983-09-04
1724;Madge Sinclair;1985-05-25
1725;Sidney Poitier;2000-06-21
1726;Lilia Skala;1993-06-04
1727;Crispin Glover;1952-07-05
1728;Ione Skye;2003-08-25
1729;Tim Hunter;1965-11-03
1730;Helen Slater;1991-10-11
1731;Michael J. Fox;1979-01-15
1732;Josef Kroner;1949-06-12
1733;Hana Slivoka;2005-05-21
1734;Jan Kadar;1979-12-06
1735;Madolyn Smith;1993-04-09
1736;Bob Hoskins;1987-09-04
1737;Maggie Smith;1963-05-26
1738;Jack Clayton;1940-07-20
1739;Yeardley Smith;1940-04-03
1740;Stephen King;1959-05-07
1741;Carrie Snodgress;1998-05-28
1742;Meredith Baxter Birney;1943-12-24
1743;Victoria Snow;1956-05-10
1744;Tony Wharmby;1987-10-27
1745;Alexandre Sterling;1963-01-22
1746;Jane Snowden;2000-05-18
1747;Jeff Hutchinson;1979-09-20
1748;Suzanne Solari;1962-04-21
1749;Donald G Jackson;1988-08-22
1750;Elke Sommer;1970-04-06
1751;Stuart Whitman;1967-07-25
1752;Jack Lemmon;2007-09-23
1753;Sissy Spacek;1989-05-18
1754;Steve Bond;1987-07-19
1755;Dona Speir;1976-02-11
1756;Ronn Moss;1948-07-07
1757;Jill St. John;1975-08-24
1758;Barbara Stanwyck;1992-03-17
1759;Alfred E. Green;1977-08-28
1760;Rudolph Mate;1994-05-08
1761;Don Ameche;1945-12-07
1762;Maureen Stapleton;1975-09-22
1763;Alison Steadman;1948-07-10
1764;Christopher Morahan;1940-05-08
1765;Mary Steenburgen;1974-01-09
1766;Frances Sternhagen;1972-08-10
1767;Inger Stevens;2002-10-11
1768;Sharon Stone;1973-02-20
1769;Paul Verhoeven;1957-02-26
1770;Madeleine Stowe;1949-05-17
1771;John Rhys-Davies;1943-06-01
1772;Julie Strain;1943-01-07
1773;Jean-Paul Ouellette;1944-04-20
1774;Susan Strasberg;1960-09-24
1775;Roger Corman;1944-09-02
1776;Meryl Streep;1975-03-02
1777;Albert Brooks;1971-10-04
1778;Ulu Grosbard;1987-10-04
1779;Kevin Kline;1955-12-08
1780;Karel Reisz;1976-06-14
1781;Charles Dance;1968-12-07
1782;Ed Begley Jr.;1960-07-11
1783;Robert Zemeckis;1969-04-03
1784;Robin Whyatt;1965-10-15
1785;Barbra Streisand;2004-07-08
1786;Mandy Patinkin;1947-11-06
1787;Daniel J. Travanti;1954-02-25
1788;Imogen Stubbs;1963-04-06
1789;Philip Saville Towns;2007-06-02
1790;Yoshitaka Zushi;1958-02-02
1791;Kin Sugai;1998-08-08
1792;Barbara Sukowa;1993-06-04
1793;Margaret Sullavan;1953-08-27
1794;John Cromwell;2010-05-01
1795;Miles O'Keeffe;1995-08-08
1796;Emma Sutton;1964-08-07
1797;Stephen Weeks;1999-03-01
1798;Doris Svedlund;1963-08-27
1799;Morgan Freeman;1972-04-23
1800;Jessica Tandy;1942-12-11
1801;Henry Ramer;1945-07-11
1802;Elizabeth Taylor;1989-06-24
1803;Lou Antonio;1941-01-16
1804;Montgomery Clift;1971-08-14
1805;Ian Bannen;1973-01-17
1806;Giuseppe Patroni Griffi;2004-01-23
1807;Brian G. Hutton;1983-02-03
1808;Joseph Losey;1992-10-03
1809;Len Cariou;1994-12-11
1810;Harold Prince;2000-01-19
1811;Rock Hudson;1941-12-25
1812;Richard A. Dysart;1950-09-06
1813;Gus Trikonis;2000-06-08
1814;Fred M Wilcox;1984-11-24
1815;Gary Cooper;1971-08-04
1816;Eddie Fisher;1977-10-23
1817;Van Johnson;1987-05-07
1818;Richard Dix;1958-02-07
1819;Estelle Taylor;1996-08-27
1820;Wesley Ruggles;1966-06-27
1821;Lloyd Bridges;1974-11-24
1822;Joan Taylor;1989-05-07
1823;John Webb;1975-11-16
1824;Karen Taylor;1982-05-21
1825;William Moses;1969-08-07
1826;Lili Taylor;1978-04-27
1827;Donald Petrie;2010-12-14
1828;River Phoenix;1991-03-19
1829;Nancy Savoca;1945-10-24
1830;Rex the Wonder Horse;1964-05-26
1831;Norma Taylor;1981-05-23
1832;Ford Beebe;1960-07-05
1833;Carl Morrow;2010-01-22
1834;Victoria Taylor;1997-05-24
1835;Jolyon Wimhurst;1990-07-12
1836;Bob Newhart;1978-01-10
1837;Leigh Taylor-Young;1981-01-25
1838;Shirley Temple;1968-01-02
1839;Cesar Romero;1975-02-10
1840;Ricky Busker;1960-01-24
1841;Brynn Thayer;1944-05-16
1842;Robert Mandel;1982-03-09
1843;Nocholas Strouse;2003-01-17
1844;Andrea Thompson;1962-05-19
1845;Charles Matthau;1998-12-26
1846;Lea Thompson;1992-01-14
1847;M. Emmet Walsh;1965-12-22
1848;Ingrid Thulin;1977-10-10
1849;Rachel Ticotin;2007-03-02
1850;Michael Apted;1949-06-14
1851;Charlene Tilton;1964-10-18
1852;Beverly Todd;1964-05-10
1853;Constance Towers;1947-01-22
1854;William Holden;1963-12-21
1855;Claire Trevor;1953-01-22
1856;George Marshall;1993-04-28
1857;Kathleen Turner;1971-06-14
1858;Bill Couturie;1956-10-07
1859;Lewis Teague;1953-12-28
1860;Robert  Zemeckis;2008-09-25
1861;Lana Turner;1990-11-24
1862;John Farrow;2007-06-24
1863;Barry Primus;1970-09-12
1864;Shannon Tweed;2008-03-03
1865;J.F. Lawton;1972-11-05
1866;Barry Jackson;2001-04-07
1867;Margaret Tyzack;1947-10-27
1868;Roy Battersby;1988-06-07
1869;Keir Dullea;1991-07-23
1870;Liv Ullman;1980-05-10
1871;Richard Dembo;1974-07-04
1872;Miyoshi Umeki;1956-07-27
1873;Joshua Logan;1993-06-15
1874;Mary Ure;1985-02-21
1875;Brian G. Hulton;1999-07-13
1876;Susan Ursitti;1968-12-19
1877;Robert Davi;1985-05-10
1878;Kari Vaananen;1950-04-06
1879;Mika Kaurismäki;1947-08-17
1880;Lindsay Wagner;1987-03-28
1881;Brigitta Valberg;1967-01-21
1882;Giulio Brogi;2003-10-09
1883;Alida Valli;2009-02-11
1884;Jessica Walter;2000-10-05
1885;Tony Danza;2010-02-13
1886;Jeremy Joe Kronsberg;1980-01-11
1887;Jo Van Fleet;1982-04-23
1888;Peter Bergman;1970-04-21
1889;Deborah Van Valkenburgh;1953-11-14
1890;Allen Plone;1979-10-06
1891;Paul Ganus;1979-05-25
1892;Megan Ward;1959-03-16
1893;Jason Patric;1986-07-10
1894;Rachel Ward;2003-02-16
1895;Nicholas Rowe;1965-03-11
1896;Sophie Ward;2000-12-26
1897;Julie Warner;1994-01-18
1898;Michael Caton-Jones;1960-04-26
1899;Peter Coyote;1997-11-05
1900;Lesley Ann Warren;1977-10-07
1901;Bobby Roth;1958-05-18
1902;Sigourney Weaver;1948-11-05
1903;Charles Dutton;1984-02-25
1904;David Fincher;1967-07-25
1905;Ron Perlman;1981-05-01
1906;Jean-Pierre Jeunet;1978-04-18
1907;Daniel Vigne;1968-04-06
1908;Ann Wedgeworth;1966-03-05
1909;Theodore J. Flicker;1953-01-01
1910;Michael Moriarty;1993-01-20
1911;John D. Hancock;1991-10-06
1912;Horst Buchholz;1986-09-06
1913;Raquel Welch;1967-05-11
1914;Eduardo De Filippo;1960-02-08
1915;Peter Cook;1961-12-12
1916;Richard Fleischer;1965-06-11
1917;David Dukes;1956-07-22
1918;James Coburn;1955-11-05
1919;Ernest Borgnine;1957-03-09
1920;Tom Jones;1966-08-24
1921;Diane Venora;1999-07-08
1922;Florence Halop;1978-11-03
1923;Elena Verdugo;1985-11-28
1924;Julius LeFlore;1978-03-10
1925;Cec Verrell;1945-07-21
1926;Judi West;1945-08-20
1927;Billy Wilder;1988-08-17
1928;Charles Winninger;1988-01-07
1929;Arleen Whelan;1985-12-03
1930;Stacy Keach;1941-08-25
1931;Carol White;1975-03-18
1932;Billie Whitelaw;1968-11-06
1933;Bud Yorkin;1977-08-28
1934;Charlie Sheen;1942-01-10
1935;Margaret Whitton;1999-06-15
1936;David S. Ward;1955-12-17
1937;Dianne Wiest;1963-11-12
1938;Peter Falk;1949-01-06
1939;Cindy Williams;1996-01-12
1940;Fernando Lamas;1974-02-14
1941;Esther Williams;1956-11-13
1942;Charles Walters;1973-04-03
1943;JoBeth Williams;1951-11-04
1944;Yahoo Serious;2003-09-15
1945;Pee-Wee Wilson;1984-05-09
1946;Marie Windsor;2006-02-16
1947;John David Garfield;1955-05-04
1948;Virginia Wing;1964-12-12
1949;Donald Wolfe;2001-12-20
1950;Debra Winger;1941-02-26
1951;Don Stroud;2009-03-06
1952;Shelley Winters;1981-06-27
1953;Stuart Heisler;1944-04-24
1954;Oliver Hellman;2007-03-06
1955;D. B. Sweeney;2001-01-13
1956;Kelly Wolf;1964-08-20
1957;Kenneth Madsen;1961-05-26
1958;Gian Maria Volonte;1964-01-19
1959;Sergio Leone;1996-12-18
1960;Danielle Von Zerneck;1941-06-22
1961;Jonathan Betnel;1949-08-18
1962;Natalie Wood;1987-03-03
1963;Ronald Neame;2009-07-26
1964;James Dean;1942-08-08
1965;Richard Beymer;2003-11-17
1966;Joe Dallesandro;2005-02-19
1967;Holly Woodlawn;1999-08-02
1968;Paul Morrissey;1979-05-01
1969;Joanne Woodward;2004-12-13
1970;James Olson;1951-01-01
1971;Robin Wright;1951-08-22
1972;Teresa Wright;1960-05-24
1973;Michael Wilding;1960-09-24
1974;Jane Wyman;1976-01-13
1975;Susannah York;1965-12-04
1976;Christopher Miles;1984-05-04
1977;Gig Young;1988-08-19
1978;S. Sylvan Simon;1952-07-03
1979;Karen Young;1986-09-01
1980;Warren William;1972-04-02
1981;Loretta Young;1959-02-11
1982;Mai Zetterling;1996-09-23
1983;Jasen Fisher;2006-10-10
1984;Jack Paar;1944-04-21
1985;Craig Allen;1989-03-27
1986;Michael Anderson;2003-08-24
1987;Ken Annakin;1973-07-24
1988;Jean-Claude Van Damme;1963-05-23
1989;Newt Arnold;2005-06-21
1990;Taylor Gilbert;1978-09-26
1991;Samson Aslanian;1949-02-23
1992;Bille August;1974-06-18
1993;Harold Becker;1960-08-06
1994;John Lone;1982-10-18
1995;Francesco Rulu;2000-11-03
1996;Pierre Jolivet;1987-02-17
1997;Willy Bogner;1955-10-11
1998;John Boulting;1994-03-01
1999;Karl Malden;1965-04-03
2000;Raymond Cannon;1983-06-01
2001;Henning Carlsen;2010-05-02
2002;Charles Chaplin;1946-09-02
2003;Henri Marchand;1964-09-21
2004;Rene Clair;1977-05-03
2005;Ray Winstone;2008-05-03
2006;Tom Clegg;1980-04-03
2007;June Wilkinson;1956-05-24
2008;Boris Karloff;1945-08-06
2009;Vincent Price;1998-03-09
2010;Paul Hampton;2009-02-03
2011;Cynthia Dale;1970-10-11
2012;John Astin;1995-02-15
2013;John De Bello;1973-12-25
2014;George Wilson;1983-03-12
2015;Jan Jalenak;1967-10-17
2016;Andre Degas;1990-01-12
2017;David Hasselhoff;2010-06-12
2018;Mario Di Leo;1948-10-21
2019;Richard Kiley;1962-09-08
2020;Leon Isaac Kennedy;2002-11-11
2021;Jamaa Fanaka;1994-03-25
2022;John Mills;2004-06-07
2023;Monte Hale;1999-12-09
2024;Philip Ford;1949-11-01
2025;Allan Lane;1970-09-02
2026;Jan Vostrcil;1984-11-22
2027;Bill Forsyth;2009-09-17
2028;Dean Stockwell;1948-09-06
2029;Bruce Gower;1985-10-24
2030;Roger Graef;1968-02-05
2031;Val Guest;1961-09-18
2032;Tarik Akan;1982-09-18
2033;Yilmaz Guney;1968-03-19
2034;Rod Hardy;2000-07-04
2035;Gavin Muir;1987-07-15
2036;Curtis Harrington;1988-03-18
2037;Monte Hellman;1975-09-23
2038;Douglas Heyes;1943-09-23
2039;Robert Donat;1951-02-11
2040;Ray Milland;1993-01-19
2041;Nova Pilbeam;1988-09-10
2042;Jack Elam;1999-05-06
2043;Joy Houck Jr.;1986-01-14
2044;Ben Cross;2010-06-04
2045;Hugh Hudson;2000-01-23
2046;Terry Hughes;1980-08-03
2047;John Irvin;1999-09-12
2048;Mick Jackson;1977-06-19
2049;Paul Reynolds;1952-09-28
2050;Derek Jarman;1992-06-19
2051;Tom Waits;1957-11-26
2052;Sam Waterston;1951-12-20
2053;Terence Ford;1961-02-21
2054;Chris Jones;1985-03-07
2055;Mikhail Kalatozov;1958-06-17
2056;Ray Kellogg;2010-07-27
2057;Doug English;1949-01-28
2058;Burt Kennedy;1944-05-05
2059;Tod Slaughter;1984-12-28
2060;George King;1947-09-09
2061;Malcolm McDowell;1993-06-11
2062;Susumu Fujita;1959-05-14
2063;Setsuko Hara;1995-04-14
2064;Toshiro Mifune;1953-12-05
2065;Tatsuya Nakadai;1940-02-22
2066;Takashi Shimura;1956-07-17
2067;Tom Berlin;1961-06-18
2068;Alfred Abel;1951-01-17
2069;Carl De Vogy;1970-07-09
2070;Rudolf Klein-Rogge;2004-05-08
2071;Denzel Washington;1952-09-01
2072;Seamus Ford;2007-02-13
2073;Biddy W. Lennon;1969-06-24
2074;Malcolm Leo;1985-11-19
2075;Perry King;1959-10-07
2076;Mark L. Lester;2006-10-15
2077;Richard Harris;1962-06-13
2078;Frank Lloyd;1961-07-08
2079;Robert Walker Jr.;1972-04-22
2080;Maurizio Lucidi;1967-12-06
2081;Larry Ludman;1943-12-08
2082;John Ethan Wayne;1945-09-03
2083;John Nance;1965-02-17
2084;Alec Guinness;2007-09-10
2085;Alexander Mackendrick;1996-11-03
2086;Ian MacNaughton;1947-10-20
2087;Pat Crowley;1998-10-27
2088;Vincent McEveety;1957-02-05
2089;William McGann;1984-10-01
2090;Vaclav Neckar;1944-02-20
2091;Jiri Menzel;1953-08-08
2092;David Miller;1980-11-13
2093;Don Mischer;1947-09-13
2094;Gary Nelson;2000-03-07
2095;Mike Newell;1996-11-03
2096;John Jarratt;2001-11-07
2097;Arch Nicholson;1979-01-18
2098;Barry Newman;2005-01-08
2099;William Nigh;1960-06-10
2100;Colin Firth;1980-05-24
2101;Pat O'Connor;1997-12-22
2102;Tim Conlon;1959-09-27
2103;Ron Oliver;2006-07-18
2104;Cliff Owen;1968-06-27
2105;Richard Patterson;1978-09-15
2106;Sam Peckinpah;1995-08-03
2107;Leo Penn;2002-10-19
2108;Etienne Perier;1954-10-09
2109;Daniel Petrie;2009-10-17
2110;Gillo Pontecorvo;1982-05-28
2111;Albert Pyun;1958-02-15
2112;Richard Quine;1983-12-20
2113;Pepper Martin;1972-04-21
2114;Byron Quisenberry;1991-05-12
2115;Derek De Lint;1950-03-08
2116;Fons Rademakers;1942-10-04
2117;Jerry Reed;1956-10-06
2118;Roger-Pierre;1960-06-15
2119;Gary Grimes;1993-10-18
2120;John Mark Robinson;2003-09-05
2121;Cecil Taylor;1945-07-06
2122;Sheldon Rochlin;1971-04-04
2123;Whip Hubley;1953-09-25
2124;Jonathan Sanger;2010-09-16
2125;Bulle Ogier;1974-07-26
2126;The Fat Boys;1960-02-18
2127;Michael Schultz;1980-07-16
2128;Garrison Keillor;1976-09-25
2129;Herb Sevush;1965-03-14
2130;Dwight Schultz;2007-01-07
2131;Jack Sholder;1964-01-28
2132;Robert Siodmak;1968-12-02
2133;Jack Smight;1996-12-26
2134;Dennis Weaver;1979-12-10
2135;George Stevens Jr.;1991-03-13
2136;Lars Hanson;1991-02-01
2137;Mauritz Stiller;2000-03-20
2138;Peter Breck;1989-05-16
2139;Herbert L. Strock;1954-07-05
2140;Mel Stuart;1955-01-21
2141;Jeannot Szwarc;1965-11-19
2142;Norman Taurog;1965-03-11
2143;Gavin Taylor;1986-08-13
2144;Ben Gazzara;1969-02-12
2145;Buck Jones;1996-08-11
2146;Lash LaRue;2003-08-14
2147;David Cassidy;1942-05-04
2148;Roderick Taylor;1994-08-10
2149;Gerald Thomas;1972-05-18
2150;Jacques Tourneur;1970-12-16
2151;Andrzej Wajda;1947-08-06
2152;Francis Veber;1983-07-20
2153;Pierre Richard;1982-08-27
2154;Rudiger Vogler;1948-12-16
2155;Peter Werner;1958-11-09
2156;Jack Benny;2005-07-11
2157;Rupert Everett;1948-10-04
2158;Dick Foran;1958-07-27
2159;Montgomery Ford;1952-05-11
2160;John Gielgud;1951-06-22
2161;Gene Kelly;1997-01-14
2162;Jay Leno;1983-12-22
2163;Patrick Lowe;1987-04-14
2164;Howie Mandel;1955-08-22
2165;Branford Marsalis;1957-02-27
2166;Tim Matheson;1940-02-15
2167;Rick Moranis;1975-08-12
2168;Paul Naschy;1996-02-26
2169;J. P. Pennington;1990-11-28
2170;Ronald Reagan;1997-02-15
2171;Robby Rosa;1988-06-27
2172;Russ Tamblyn;1973-06-13
2173;Dub Taylor;1979-08-13
2174;James Taylor;1944-01-18
2175;Kent Taylor;1974-08-24
2176;Clint Walker;1946-01-22
